UserID,IdHash,Timestamp
1,61cba35559bac551761e724478a660f7d0cdf59dc3019e8bd706c626b6683ac9287e209c1f930694a7b718d177699b47d98da65333832244dd18f8277163c086e9b78ad38e6d7ba66454f479f88d95093dbd77633625ff54354bf166dce6b64cd3e33c98daae13d6df3f6923856633e2368cb5db05cfd84906035486f87451da892720e55c07e156,"2012-10-14 22:26:10"
2,fc427ec6caa9f2dc2583592d418bcf83dab867f60f4dc4c73f9241bfadac8f15046eb8262fc79a7f37937fef1039c63a619d3c18ab23632fc4d8492c98b77ca91f3c99c3ff8f1a11ea7cea10a3eafad922844009693b72041e44f9252194b4a941f17136a73a05a5648873bf3de601f85284da435f908e52cdae16b28ca7d9116f80c3feec19c62f,"2012-10-15 12:19:59"
3,1ca4065e061fede2f459ed75c6b127ee90de98f8c226075bfb902616b081e03f9935a85378f9d4918d5cd44d24fa32f33268e41edec8cf0f8c6560e021fb2954055ca6ac39a088fd620d8f4cd2f868e2f7b68ae06e45b98141c90468fd9ed5c38b23f406d3bf4c631d20e03bca03b67feec130da8bdbdbbe48642b7b7fef3f30a05b840f37b37b0a,"2012-10-15 12:19:59"
4,ca26021cf4834ff4345c181a3e6c2684b643777a1e46506dd93ef7e938cdb17cfe4524e5319ae03811899edf8ad7b1476ce146e70c5e375ced158151ae91f9719fde377a67c6fd9f77171da84f34ffda52fcc6185082eb5bfb39af59bf9d7e4d8da8b3fb651956ace1c889021b7f33cde9d6be52c1b25343e19389232c673843aa173336aae82f7e,"2012-10-15 12:20:10"
5,0514fc27b3bc430d6e3f1a41d0d67598efe83acdc3e030136df00e34c0424085025493d189a933587aae1bbc0f67e9bb92190a5a4fa5557310379e8c2faedcc89a2b95fd5b968f5188c89cbdaf407b583ad791811a8fa5458544abbcf341f9eda701b4bde82ad8daacfb936dae2f4e00f4fd026eb811cb893bd0b50b821ba81e71e73b3eac092745,"2012-10-15 12:20:12"
6,0a6aeed9ebccd05c9bb02682b63f6106a927f5839d87ac36925dd14e20d4d2d9742122e3c0813aec6cbf72334c249e755392e77fbcea06a80cc6666a773ac647820e9a7d1cd780bcd393ca3fba2f4aea804dad418a898c3327ca02c865f023952ec42f25082a7c4aa8e569e71c18fa8cfeb4b9b05d8f0d7dc85374ca41d33eef7f357ac3a014f9c5,"2012-10-15 12:20:16"
7,ab734c587c7255fcc5397af72e865d28fb76c70f407e383920e8b140282a3366d33c5aa1812019e05c9df44fb2e27623d0d9fa79a6fce034dde88b79f83ce93d0200918a168ec973dbeb7d5c9eb8345c73acbbcfffd64f1c67625082d2162738a5d03f00b04cb30674a5c0577851f0b799a3b158f77f4f7bf427e293f9a63e7d11de7737364c736a,"2012-10-15 12:20:20"
8,b86f26be28deb371ded3d8f4a5921165f5a32e51374e57d64ed90b7af5aa3f9d3a5a71c3b19f601a54fab437abaf990f9a6f0520a9c9819ea0cb6a609eded2ac55118e0331bf57edd2f839905de756827cd7f8bdc83c603c5990a5e1a3a0d157e89e081eca3353c824c2ad3ceb28851ed1e3199e986f6d90b7d3c43f0ebb82ea0fd4be6113c30eaf,"2012-10-15 12:20:49"
9,e526c7ceae02c9011ccdd62209acb8672588a604199d84e588e43bda98fb262a824dc0965f2f47eecf072590e619bbe0b118f6fdd4bde00c4e868dd1c5f18e37d886884a373605e9a88f398e96dbf0a174d2999757a490bd4a3ded5856883580980b1d1280cbfac1e587494550b28c73f7526488fb37f26591c62c445e0791f50c24839cdbe8990b,"2012-10-15 12:21:04"
10,7b84da99b48e37ad8028b50b11f951f76f64d5a5b23de189b153f66765dd3b9e175df48d84fc3dab9057c13c2e3d898b427e763cd845a7fea8aa2b83862f90ea8d9b839c6c4402a4bc8f2ba7ba1d21fb500eaeb58c5b1b54fb453e63c1ca1067e32008c30469f155365e59e98c64414bdcfa56b7e6fe7b8a52e6417a35d9f7ac699e27094afbc9e0,"2012-10-15 12:21:05"
11,1ba93a8b001ffb2b832fb8ec060c4bd5a37b25da753fb586662f3d1c287b45d0fc4ff9cd2d9519264c4f97ce5b9bb3b2d98cb6a182dcfe9ce76f3e9de945b5b466c2bb795a4436d89ef934bcec97dc59d7d49b6767e11a96c4dd63567b3cf46b2df65e24081827c59ab2bb51a7b208879c6ed03c9144c807a255f60fa2ea04cd6ba282648299ed38,"2012-10-15 12:21:12"
12,ac73943121e87a05943834c44bf73974f6a4f06a00aaf6b8bcc4ee28bc53d7e21d7ce5b65d0b275da86c49c07f92d8fd8f4815f526ab9fc29209dc817faea18f2861b8ba313f8aadecc13c1b2ecbd6f3d7196901f80c73bf5a1cb4e1493ba5f3aa5bbd6ac260637b49a22d07a87dfe85429e361ce9572d6bac79b2c8c50f44d0123938e685670c12,"2012-10-15 12:21:13"
13,c26f2068e08ac18aef1aedd1555505ae204fe648497b57c90498d188cf9d81958983439caab2d1cf29b0f4737c1a38b64cfbdf17959494a6ed469395da40dd5082650c20c31f039ade7e161724ffef9e6d1801cec49555adfa289be72bba6809409fe7d25018023a9e60e4ed757ce8e7c3be64799dee8046ef1891e7e7f43befbb31e3d83c64aa7f,"2012-10-15 12:21:53"
14,bbd16e3ba7860a5b3c96dc67afe63de4bc63e667de0386ef3635c8eac2750d90e13dbf86281977c2f60338411b76260ee409c75bc270d99ef3fd36483fb3fb1953778d6f353e5440e9ad2fd2eb30197ae0cdd556abcada6dc21b4fb47236865a3d4a39e64a02fb44b340d122f43b39cf36a01d4e4f395876f7c7f9f6613d29f493267f9e72619c4a,"2012-10-15 12:22:13"
15,f592ce20c9221925c33da483a90424578ff96c4767570fe62ab09f8b3bd0d3d813903f6499505b08be097b7ef9d209dfa512eea4a4278b4ede0d2881f54164788b9a9f082abb503cb755f204d203db2bd2be0cdc9c6702c46e70e2bc434eb7d463ba5f905fccbf96a68ca0e7b50cce70f867116052afd60f0178d0187246f68cb1f2612723fa695d,"2012-10-15 12:22:15"
16,850b6a78637d44c6279fa22d5ab8ad2b4929a96ebf8ebf75f09cdae83184c0f40dd6326590363b2ed73780f3919646a2c260b49f11a37afc03da7263d962ede42bb60f39f10055f4f13a059feda04acbd2705316ccd218a7d51956ee751f00e73a3617b192c5b29411d811348e8a13bc1ccdec9b5121b6b5143870253a5573eadaa5b3dd0a494460,"2012-10-15 12:22:17"
17,99a4c00167bead9c7e0389dea646cc1ffa12587e28509c18ee2396b714141088a0f4300692167441ac512c7427d355528a93f0c7250de18a08839fbfcfc446be1b8f5ef92db1722232456180ca3dd1f77139c80d3ee96d5584b4003d8125fab4d7f51f9aa8fd499ede5d98e4ddd201216a4d4ee4434c405b77f7e964f64e68c9662111d7a5a47454,"2012-10-15 12:22:53"
18,5df663a3d27eb079e1502be588a9208c55a17943d0f6dcd53a7e5f2d53e672fe1767cea649206674b5f9f94c7bed989841cf77cbb2e1c57c142fb078db8c7e911f5a6a1b8460911e03419059c4720dccbb9c74a6bc6c8a4c723b95d30b68eda7ed3839461f8f279d011a3f844fdc9ccbc158d447587655a23a9b40134df184ca3feeeb5453770b5d,"2012-10-15 12:22:55"
19,c618bee97f17e89f6641fec19c26935c26fed3599140a35c1102cb0b653ba812852508ead96b7ae5f21cac126fad2b43d8bcf279bdec9bc8281fa650b3fd39a6032428513ec1cc3688e80a088d3c63215cac482340fd3543ab855e8211d13d0545c827651300948e4210e42097d4d79dce06eb5abbf72a24f2cb31624dcf7e894f3afc29c2730333,"2012-10-15 12:22:55"
20,f0d0729fcf7e291b902be844a245d45f29cae250bfa8fe143d0a6b75447f2c81657082fe6e50c451a6be09344eea0e6a41d11dec4befa521ee0cac6382d084b9aeaa4a8be9a6341889c32afeab0b472cabaf79de32fdd22622727fa651fd2f2b64e75627937ca8fe4f679b35e45775dc84e0cc8a7863fb0c9d008b5848f86de3cb41ee932eccd135,"2012-10-15 12:22:55"
21,3535e5681352545196837f68363e835ed320e2f1929c81d3ca9c5a629565f16d867fe47f6d3a8031a1b9aad7aeecc3530593c80a9467e1b5ecd3d2371b14a2e58bf0a025c402149958c0c67949c316b2acb7c799b824d024ae0d40b3b3fd4c6e40919ba0a4d8d1f0f2df26aaf1b7a469b2a1ff5ad5ab808e72571b9ed3d43432ffad548d29342049,"2012-10-15 12:22:55"
22,196780a4d899f95d5d3389d6a8d50e19e3d2adaa7cc2e369bf155fc5c96e83f809c4f3a49219e185c5b56191f72687d60d3cb50db49b37617aacf1a828adf4da1762108daa3e2c5ae23c9ae06a0f819841c000354001540028bfee7b68e4aeef47e6f4a792b813b86c85d50e20602ff0d1a7fae51c650c36cf7735627460061f4cdaa870e4d1a97e,"2012-10-15 12:22:56"
23,c59e510c0ff31b0f72e9826db4b672bb91d56d74abca056cba0ee29ebd48d6b8b58fb35d56a90bdc6784e168eaa70ba25cdb7d9af7cd4a56d0737372fe0b8cf4e37dfbfbc9fb19613bea4408896e341d1cd670c7be1d09b6a67a10c0d1e64ef8b4fad0aa80b4ff5ece6e1c9e8096fe538c4ed7d3954bdc908308705d9e8a55df635d3b8679f9ba9d,"2012-10-15 12:22:56"
24,2babcd0838fa04020f3de767e33957d4292f1a1e3a75faa8fd1a102e18df4d4bb60f55d94481469f656d8865790e6ea5a439c4711a3ea22e60905ed364cdf68aeee40a0618cad9f088ee47b8a0bef83fe9cc017f69cb2a169fd61b1ae11b6a7aac52ee8c7fd3a0a0ca6da863b10c63075a14106c53bef732429ab65e8a75d0dcdf3f01399d4873f6,"2012-10-15 12:22:56"
25,26a7e9602dd05532d836785b53bf43db3dca98b6c2cbdf9bdcde0ce0a200b41f5fdbf02a5f0f9dd8bfcacbc8416f9176e622cab000151fb45fa4c1b1eaad48d8a576bb8460ae0d16db90f56ef2d5541057713c8b74133dcb722445d7bcc7f4659c38b0b2796258ca317131fff1aefe793e61cf3e821bdd45a0dd8c038dd14c5cbf85ce6dab993e41,"2012-10-15 12:22:57"
26,ce063da2d3d3d91fb5d91c1b1b09c28ff8cec5355b679c8af9f5648cafdec599d20f82f2277203faa1efd73996f00449b0f71db4dd55279a8379e30fe46a5808e33ce83cd3a5e5e6be9a39d87a8ea6db6472ab5d63ac582f3b5c154abac67b5ed0b8ed6014aae283449b2c14584e396c6568a2ab7e60f4aee686873111cf9b3823d82258c8e5b713,"2012-10-15 12:22:58"
27,2ef0ebc34997e865ffef3bd5afbfa7163c1eadd14486c68342ad5651334cd060abd258c97dfa2d170716d169c8785f992bc7360135f321daad39ec40231a81fc006b21d4ae4c3711fc434db99dfe784d66d601e55eb59044a5aeb1620bc9de8db21a3e0f5278f9d54d2b5abd91d1ec97c1939eee031a4ee121394e81a89203270b9988f96dfa340e,"2012-10-15 12:22:58"
28,d2968a4fe15be54bf7463968c507c27e80cbe675a36299ca9f747bd9456f414c1c8b9e902c5c06f08436a407238146ef896b68808d79d978ef02a97a62012d913b1806374da2cad84041fde88ed0ee642ce91a15bea94dc4613e2fe571d735d6c3f6a55bc0d71fc3a7c96b3d44d9bf9ac9cd5df0e92f50dcd0c8f34fc422a5422481746202bac173,"2012-10-15 12:22:58"
29,57312b27ddb8b8441dddf20c5df6a76c37c2b9101af136755a0b03ad20bb6362e6719db82033f131e78689f19706d20e43dc449714db08f360c08532d90a495e855ea55ac06aa062b38f06d3f5ac010664a307df17b4538a9a079177516b0bb9cfcd83b79fca5cda1343509086006f5cbdc89a02796e0318584e5a2df54a112da43937b36d7cf813,"2012-10-15 12:22:58"
30,833389397fcf7fe96ce2265e870fab321fb85deed4a5f9a8a42e16ba68f0443eddb62e03718edf2f1e132f685ea4d3385ef270cdc2603b5a18f5c7037ae14b6ace8291e009d19285aa66787ad18dcf43dd87643e279634963e1619df05323a80dc591bf57e403edf1d51d6b6c78e043338977ee98f1ca62350b578f483076b66a20cdff97361adaf,"2012-10-15 12:22:58"
31,b513494e59905fe22b72155f2d8a2edb3c8a913fe06f9a1fb12fbf19f69cdd6f9376ce809e5c10a13232471a6565c8128d14129154204783645e6e1331fac7880977094ba6c41c2c24f740476bd8e36503498a2df7e4891b6a0e964baec095ce150e7855084661943ff5a46b668b505ebb3324735e7b862232785c4516000f48c591cf35d00d3d2d,"2012-10-15 12:22:58"
32,9e3dfb968a5f25bcf7d45298f2600c6c8cc9076b568b940275194a860ef2359fc068ab8385bcd53f2008870ae0af973c1db5be5969f5ebf3c92bbbeefe3340cab7cb5011269597a04574ab3078d5fdfd6ff1a824ea703bb8c347f0e33484d9e224c999075188bbc48f2dd53b266f15a3e5a688a08268ccbca4ef693fd9f22dd675aa6d6b338965a6,"2012-10-15 12:22:58"
33,ec0d6aa6c145bacb8fe07fa5445ac9f10200eda658757c96deae395832c18ca451cefb22ca795a5aa7e4913bf6520f0a4e88079036db00cf77c2c1d4b92e0d57d2fb02a7af5f73f9942e776e677f1d934785c55c646283c23e4d46a0c9940d245888b7fc29b3ecf70217214ff2aa35361dae268cab5b5bd72065bb1c282543fccd95f6a4188d7f35,"2012-10-15 12:22:58"
34,28c91cd02c2b44ca00e37f9ff18115449d1c75f3cc72735dd623f5839eecc7eb7361f3b15bce5784db8be7273984e8454d5a021a9507cb5919ba07af605fcda7157d53344e6555d97e2ab1291b9d4b78a85884d872637008e7c20c63276bf1bb6e897c317f4979a98d395cb9632113bb07e8cf499fa6ddf1ebc889c0d1ddbe65d95aba55f711c753,"2012-10-15 12:22:59"
35,4f92b9cdb09e8c1715017bcd97dc43162bac80c518647f2b96c31b58b6a474decc480fe80ee38b66dd2732ea597fd179eed54c1663913ade07bf42b81bc9f26520815899350a6adacd00ff1498472b9becea9fff9c3d1551ea7bda081cbbae4888bf584a9a2d4ea14cbda518818e593567b88f0f8849a6bb8ecbf4cdfff58422e1b991c6dd7252f2,"2012-10-15 12:22:59"
36,1d479f2b1877e6a6f00d3d81c0a763b97159d2b84b20152faa9ed1d96c82e55d411ecb0d8168fc1007b6aab9dae03297731557027d45cd29c44644ed3b253419f585861cc3213f20c48e513023ed2f160900034f982505ac538fc1b968dfca3455bf7e21b5c845828a14fda440a70a28469248110ac5d9c1acf15b457b8810eac5f66303492a3eda,"2012-10-15 12:23:00"
37,bb236f72fb222e1436b86fb5a32f7ebef4751df6d2e675699641cf25651c630f2f92a2b884e80acc73e053ce160b855ad461365190d462574a4d35326bfd86e558ad6d1ca58d6bee30503bec47351161ad36255aee5d3cf597fa908ccb58dba2fa6e057d9bb6b6e1484afec0fe6d172dfc6b667156c904da728319a00405d397dabc13a26f60462a,"2012-10-15 12:23:00"
38,2a849759c848e6c6828fa800b0b66cee5caa860cced010639e498489ec84af14f6f97fa54e52acd246ea11e0591e161f339f55042f41295b436722a5538df2e32243ce7561d360b3341ac1ab15121104f1490bf56669934ca1bf47bc4e3653afe04ebd5c2dd6e4d72325e4a08048851e027581b47c492f751b8ce6dd053d883bcd50c6aa2eb25e22,"2012-10-15 12:23:00"
39,d22c7f68683c44545b2220eb8ba98b6001ec5de185a1025a062280e35f69bbeec20d8c340a69eff783299a7cb3cc318a4942e1cd0de846a1fe1c071a0ebeee8f7bc7b43d9166e20a3ff15ce5cecff4faf4e9d9907b9cf63b3bd1e8b7e70b8f95a73db662b71c2b48c23ad378f27e5e868a68dc588530dd9c30db290c84a194c5b86166589f13af1d,"2012-10-15 12:23:00"
40,d208673e058b85a1c5713d101103b5daa04e30e65f331c5c85f054f427d4a1301ce8a140dc70e735b8bbe2d295848e3232a649ba016295466bd25cda07cb74ddac9d132d62ccfb83fc6b19ccbb990dd7aad6391ff8918628d79d688fb4dc23edb93634efd3c0f051859955a035910b62f700fc6acaaa09e165c91abf1c92d826121163f5eaff3922,"2012-10-15 12:23:02"
41,23ecb8fe3c207beacbf6b11fc4bac8d0e55ba42a5e917c7cf1ce9d33b0d1296f1536570cf45b0f3620698e8c76f271f484bf45b4227c0182185de9ecd8e3b33d3d153a71944a50f7c3f7e3dbac06cc6f799acd1b36e4622a4eb1cea4ae870ad39f4ba98f89d67db9ef2bbada2697bed27d3059de302fcf93584fe125a91ec2a0eb2a62387227d7f6,"2012-10-15 12:23:06"
42,5bd4f95f6b2cdff39a5a9d58e0d97f3a88984b6c4684d0eabced271230322d27b360c20543590fca51c8ebd9955b8e4eb4f4d927271446b875f41b0b39cf154b2f2e8c056e7700c79d9bfeefbaf784ad86e06c3ea90fd1318584c8acb49c6c95a49cdaffcbd5425e44b8daac9822dcfcc96c782c870dd44932fb558646b186d76660d676a5d085f5,"2012-10-15 12:23:06"
43,4161a8cbb617e6948d2979bc6c0ed2290c1da49076557ca6bd54778593232d1f73676f006f15bab3ae13a32361b7fd5306eb26019b189c2445f50e07f0ce514b9017bac8b7a2b35e85a1a285bc02f41b96743209d61739fd48e9b9929bf9e6a0ddc6b1a630f4ef148aa8756c3c01416c3c0a7a642c80c4ce98e520d255ef949e5ec4eae8a1aa76c4,"2012-10-15 12:23:08"
44,24ca32306d3cf44908f2045135cf05d7168b51b86afb627475f5e777a8b6594038c45adf757b5463aa45bf02f52e6b2f224871c796798402929cb7dc17cf5e49cb1d4f9ee3d06df70f440a52f7c0d8d16f5ca4b64e4018ab6359c8fe9837bcecca23bc269ef00b9d9c6625a7a246913c7102068e4baddf23b1044d8ed2dda5dd34e2a8814a550069,"2012-10-15 12:23:18"
45,fadd90b83db9f2565804890d772fcb4023a801d159736e5b2cfb0348a0628dde254f8fa4865155e75c36a79032be5167cdaa1f72661bafa7e95abc671258166c790269f79609f3b8db4a6e9e4a2b9958ed2d773850a875c2ea1364a36a44d28a228e98364e2225219f7f37021b3748a2555321914a12b70ea10d1afd2cb80318dca1092044445036,"2012-10-15 12:23:22"
46,32e013dd9f7c9b769526be03c1f0f677cbb3f67f82b22d5e70a318d8353cc6d0b5e7ccc63caef517178a940e478cd0ea1ee9f6ce34789d38c50448d483d0d368d8e5e6bcef9271fde7b335db62a79377aa548eda114f39172c246743cf4f3824576286cd079945c0d521356427a3f695776e7871d20b993f331628a29233808caf1eb1cb552b8fea,"2012-10-15 12:23:40"
47,61d7936775cc7afece01f981bd78659fe188d7a8dd01fd99890a9241e64f814908d0b9dd30964910dec0dc0df9096653ce863714a049d4d4c3287e18b7c8ae5365bbb80fe6061b180dc19d93c825e52b37775233f383996ba990850f8f8e67db075875e9ca9dbaab6a682ecb47939a3a65243b8bdf7481b9cccdc39dd5f41f23f61ca35c0128b44b,"2012-10-15 12:24:14"
48,1e4b60b82d5eeb146197f955898fdc31c8b4a8b63421bd6e311076b4884b7b5d561f69fcad95cedfb01494996ce14bb5a9dc73c78e466264f616140c44f65bb236eff1af5cbad23f2afa3e08f2b2c5f9ae9234d30322c864404c9123d7d2e0da49eacb422eeb766df43a7d97a03aecb1e048808c50ebfac3ad4cfa12b320f4e36b53e664c8169b53,"2012-10-15 12:24:24"
49,49f79006304c696f1ec633212843103476dd1e95b787f0cacbc1517c8cd8b3699b324e876158a9c037c8b28b87ae8f45bc3826282b6796f5304d61b6ef6e5cae2cbfda5aa48764c3f0cd639feb51a209746b65ee3489d9713f2b8972ba46572157ecd6bbf733cd6548ccdbfa6b036a8a9ed0f5807e9d8a50c128343495d4dfaab7c26994baf209be,"2012-10-15 12:25:16"
50,c4e98e6487ce7473fbb62449a0e8c5f70611329842d347b6943c5c987ad83e269900ebc0906390cb14231f240d41f2dcd9e231a6765690a868444f5249b86489e9e4a110a022d5c7f01bae028520d4bdf159e75a5559a9e8bc66a4b26965f3900bf2ef4b32418ff91dc52ab8dc5fa7af3c7d103ffb0112e861c8832dbac6433ff6c95a9b3ebbb57f,"2012-10-15 12:26:10"
51,bb82f4cfd3c819189b1a0bf8268995388919001f1aeb57b7b098de3ee467bc16ec88eefb5e9e1717197087e249cc3562cfbc901f8e6e1c331fa027c5e372e1f26216b6f4b5380f50e3d53342f70cf417e9167eec3f77e625386b202b7ca632e607625d0dcd8ade0aa23566d78e38efe624966cb7b789771fa218da5758acb0f25a1ad343d2cb4b55,"2012-10-15 12:26:42"
52,ae9f1edeaba1e103218c880528613326e3d85da421e9805942dc1ac8c05e59f7042c108cab36f06fd1b5f0eddfecc364b2868afd583d07a8411686576e76008c7d7f90ca7cd72d996bcacf065f40d45d8597859425bfc6ad2eeed050ec80058d597ed2589d70264c05d91aad1169c6e773bb5882bbed8edc6c1aedb0f098f51e6354be1f367d4a75,"2012-10-15 12:28:24"
53,ea55acc015383a9ebdaf5f5fe5e3ac20af8f37c43dddace7818f6595315c1ad199e48b02af3d3f75d8d8e13a5dd855e4dbd33af208f41179599cf65e3914a1fc847c7543958f57904514a2235ad0f26344a29cd72549912eba161ac27b0b81d90e22c5d7a46119eb8c228ba012c96f5b19c65312e222b5b1bf1432d76bbcf2a28f16c5ab209d7ed0,"2012-10-15 12:28:32"
54,7d7d320438cbedeaf2009d914db2462355add9a5f055d100bfbcb022d0ee49fd8c09c7c7aa72218a10041ce8ce8aabd7f751096354967d73f159e3d7c37bd18d610917b2204d83545fb2a3f1a5e825ffa1412cf7152c3efcf3314aa7d43d84cf7672c255828e469853904dcf3f83db83dea0eec16a4b67dca0cafb6af4cd661d77ccfb4687372f7e,"2012-10-15 12:29:02"
55,c1818e69b9862778109ef0beea160fc245148f83b4e242f924fc5ff5dc2534acba7cc3a2c9122c01d657c418d4bfae7d08b47fb07a2ac5b2674258e2c2f58a0cf0cc592028f47538c3d683e54e3a5df0d496446146f8318110e4952d41648d5c7d62ee0f2939271b6487f6b283850cb23b815203099f2edfe4908e0f00d8c0fd786426eaae7238c6,"2012-10-15 12:36:12"
56,65c790f53db28c7cc67d8c143ad7d4fc5fe79873956e924c5348b4e1f0f9ed1916b9c4dada61b0f14bca55523e8f694f1432423691078f799255576e2febc318781ab6a9d8d2dbf22acf58fb9a86b716674529bdd4a3d153400ebe49003ca82096733f36531288c87d15481b6cd47b25811862190e1758faa1b1050c58044a02188a66c29cef643c,"2012-10-15 12:39:01"
57,4fb7d5f957960b35c20d759f034f923c8d081a0096f28e2c2303dd8bb76e04c7aa17b06f866193dbffd14c17f6223769425da85b312365d1137a2e7cda40c3534465015d797aec0ec7aeb428cd530866d4bef47b94df30d7d73f621ed944cb41aa6d7a7cacb254c46965775dde8ae30710e1aaa59fcc14a2f52af08fd7e650f2262b98a6ee887115,"2012-10-15 12:40:29"
58,e785bab76cbf4df9b3865146577b9aae64b4f31b89d59a39c2c242e2cdb9d0bb1b3528072b16f4dfb06ddb92133ccebbfa2b2392a1fd441f60587638082333149b8d41bbd68f56492104afd4fa5dabe613c97c0993ea8be63136d1223c4a4ec72a11919911ec0f27b970b31bf1521c4629e710f2f36c55f28b044d595d4a11017aafaca215012411,"2012-10-15 13:02:02"
59,d5efd8bce43f1d28f88e0c5d6c55caca6965b25d3fffdf65a515d0c1c971a52b27582d85cfad3ae5cef88d9b651dd3e96bbd6ec4e55e03edea81a6a083f440ba7c9ed2592c5841ce1f2f5919276f32ad180dd6bfe04845ec2259a07ab87c33f74dacd08b4345d1684b5cbdbd2779c722b00fadfa888f2d6821be0de09e6d51019468147276ad2d60,"2012-10-15 13:39:05"
60,5b7b19911f11c4430a95aabce968d5de51ca204222ea3aeb19c098185677cce66244335a4c2c02bbdab9abf3ff90e2b11fc653d6e1c188017bf322e96c8d49cd37e365bca41df6afad79eef7f1bac24d7a51df0c51a768e13959c26923d2f0a57c705aa9c12a0b4e95b509a8ce1f34e20f34a104af481e50199cff23c9767ded071f52608b6474c3,"2012-10-17 08:00:26"
61,c201464fbce1498548381c16d888fd29cc89cfa02e42fa6b2283a06be4f04b17f57f326a1da16ab39f03e5b5162616ce12b7f8406c048f6f55eef0f80f6c22099c4135f900dc8a05efb3f76b511a52dc8d0b7501b6d56499941552cf0241bb84cba61191841826acd5498bae62d7a31b485652612cbac951d5b762aecc17a02afada46550a614ecb,"2012-10-17 08:06:15"
62,0a0332d938f0f39283d84c4498f19003cef6249b2b0d5633f3511be33e080f6a1eee60d7b85fb4efcdf1519e6411e05e19eb733b2ea208b6acf9e0248df3fe60552c82924f0ce9617174e8201b25f0202ce529ba4640edf6fb3a2b3d5ca363553f9495fe59b9538b237d22f1246b9342528f515851843a516f03dc6f6b59b8a297e1056e0730b01b,"2012-10-17 09:00:25"
63,6db6f1036c412fcf799ef4694a786ed5a4235e8b8401fd3703d2ffea6ff990db58373c34c5d8a271e0ddc6425ca2353247707d9584756db0378c04f5bc610d71,"2012-10-17 12:45:07"
64,-1,"2012-10-17 12:45:10"
65,f57bb0c70f157299708ca60a57e9283af93b1e7e63022f09d39c27d856053047fbff9d11d20aea3eebb9f9bec5008e4a81234e09e57e1733774990d02930abd1,"2012-10-21 22:06:12"
66,d51379eb2d7da163c5e276568eb7111064c68d61368a61274f1658eebf2fffd7ee0ff4b4722b707ccf4e667411dc30a730e1d91cffde196912d8f604d7ec2cac,"2012-10-22 11:33:17"
67,da85bd2da5be7c3c697fab2a14b161a6a24d0b11507bd39db95f6fe2b6e0e6d45709279866692802bbbb773ba295dab6f2d2400ec720b60f902b94f96524ea67,"2012-10-22 11:33:28"
68,9797a020d72ee0ec7cdd7d23956a22670bb06e1850bdc39af1d2d1bfd38d68608b59d0a7cf4fd0d3188f73e109b9654b6369c110b6d50a806015156ebf547f72,"2012-10-22 11:33:30"
69,d9f7c346c8d9f7bb52af5768389e25738f6a5dd58271cff19a8b94cde0e327d9523d7d799564dba6f91378a61b72555a4e0a3fe9103861253c1f9ac1b942367a,"2012-10-22 11:33:33"
70,9e4932993da2449791b9c2e466efeaf213445b642ee431fe9753e3a87a7b50191c79aacb658f98e0880f13ff2c542d1206e1777d4ea61bf4a6710c784eba8d4e,"2012-10-22 11:33:35"
71,04b829e45430283a8f1d3f0c6ebd937088e372164f665fe8bbc888f66dc6a4346c7ddac832d3293042d60bce59914b8691416c357f5643c3bd235f908fde077f,"2012-10-22 11:33:39"
72,546a130455856315559eec835a77fe72d337f7859759fa5a9b92572090622293afb3dea576fc627f16b55e56f3f2c4ed3867512b2b92393d0a12e97cad63a0a2,"2012-10-22 11:33:50"
73,91364bc18d239506a54be793f8b695cfac27ba271983396f9fcac77331d3e8aae1029229cae7923d9e6dcba4fd896e6d993551d0ba8d241f39b3012856bbcf05,"2012-10-22 11:34:15"
74,58ef587f0a08c08700f1b6cac605cbaa53a4f2fc015e595532111ff21e39055d44c3e6c17329191a89fd8ebc624fcb7119b2e7ffe474c4638adce323f69b7140,"2012-10-22 11:34:19"
75,7cf02b91ad516c0340c2771c1035526dd6bdb485038566f852f057524dcf67d57a3cba485e3a16d3e1b6f2d70a64ddfba5eb05d1c4ddc2391f0c4ba79fbceb13,"2012-10-22 11:34:35"
76,6864fe3b145bb8a58c8218b742db2a0e593a4006d05dac67c0065a9480e28f98b72d1b2d2dba8b996b32ffedbc8970d376a8fc5f1b93cf24358845dcecf06a14,"2012-10-22 11:34:40"
77,f670185f63078ab333bd0fdddfc3dc3bb357135193d05638bbb68b1ae5292a8299bd01b7229d202ae793cecd4903a4ae63c55e7c301cd3d1d274a8a2e3e0397f,"2012-10-22 11:34:56"
78,25207f3b75fa49b5d4a20de1d8f9fdeac2071e4f7a530b78e4f894acafb5c918cdb869af558294aa0dd6036c6e0798dea0c8d7f6e072a37fb7f4ce7befb9cd81,"2012-10-22 11:35:11"
79,e322897ff0880c8fd7212251835662c0615a77e47ba06a2d9e2ff56b67273e2431425e1ddc86be363b6c232eb69b4dd4b8b44b0f159785b889e6f616659ea516,"2012-10-22 11:35:22"
80,d09e0b8c54e38971464860f0606919c2fb3c35ebc76277b710a80f1d636755b723d7d5f5d3d6e62224c44a573576709f19fc123d94bd4a08db8c74fcf82ba392,"2012-10-22 11:35:25"
81,8ca8eac364c7e9c44b307f3e8601d901cbbe7cb7686c675f895bca88073dff4c568671f7e8d25b810b3e5391303b912d7c21dc19f73d63c80be89cac534b6894,"2012-10-22 11:35:31"
82,bd89e5b4b4f2449828ea3d0ee10ae824735dc23f65f97efe696b117b9ddc067028f6555f849f3c86190ac1eb287cc6616e80c84b3ac523737044eddca67916e9,"2012-10-22 11:35:33"
83,8666c13a304b5104570c3acb91ce3ec82cb5e1e58feb0265565fb036338203941c5c01900d565ccfe7066062a29e4c68096d6dcf9635d000e51133d434451adc,"2012-10-22 11:35:57"
84,3fbc070de1b0bf5d6c665bbda55d41e17c45f26c266aa61c5181692300cb5ba4fbcc44a929067f722b267ec490e6ba721f7754ea09c971d7f08102e131d1b0a8,"2012-10-22 11:36:01"
85,b9acd2b6470aa8cf28307772a8f3290bb0cda28f3b6046d863228cb0b30329771905942761152c85c9f482c2a50f7601fe74beb66d9768210b07ab8f30b932ef,"2012-10-22 11:36:21"
86,52b5109f0e5af11cef768d5faace0a918f67a21747075037421bc035488bd28a65f33096a86249a4c1fb9c095f04a1ed8f6d1cbaeedf78cf625951e1d00c4ee0,"2012-10-22 11:36:23"
87,c0d0d4a98c442b0431eb0eee8f586def1ef9c3333381d9ab408f29a899330b92b4229bbb409802ad2db2939c76ffbe2273b182d960c693df1ba95f3b650fbff4,"2012-10-22 11:36:30"
88,5b4db59b90c50567e32c18f7ef81290d7215251c7264d5b0437e250a2d13302f1daef743ff4aef52c7cc4392eb4966c41a47c5d587f82fbfe9e105b3aa09b901,"2012-10-22 11:36:37"
89,d05441101d692507ea996e9aa782e5f77a778f0676190d0bec787ebe13c41e96aaf9cf5e5095262ba78ee03590c62febafcef21ccbae8256de039aea4f8c2721,"2012-10-22 11:36:40"
90,125978aeb4e1bec6e032bf50c3e53ed92d549a4b5e111a989978e450b4c4e139b165f9c7a632d94dd1fc724366854feae70e7dbed634c21e2eff32303edf0644,"2012-10-22 11:36:41"
91,ef1eaa8178165b3fb972493fe0d9ab06bffef4d1c45e5545256579d924934ea04ccff70f9edda35870659882b08838a20a442bee34f919b6398f421aebfa94f1,"2012-10-22 11:36:45"
92,444890fccdb76d84031af96ef653ea326128818e601676cbe8ee279b2733faf14c9f884959236fa5832e36b22b7b4e84367d02ababf0f2ecdaad30ae34e75386,"2012-10-22 11:37:00"
93,69378624d9fd24d59743ae956b918c421ba37a03e1f68fea73c909121b10c37d1c918bd9e637e9994f1611118edd105775897cef7a6472ce1de442790024ab6e,"2012-10-22 11:38:01"
94,aae21b90572ca152c19c32b57e68ea82366504ca45f4126c4aaf2ebc9b3e4420a21bed937b1f3665849d5addeef302a0e6b1ad3ed34dba5e25e95a684d6fd482,"2012-10-22 11:38:27"
95,627bbd2ea5e20d47767e83c674ed0b37a7fcf271793327f6ad6ed44ae63e85413b9a68b2ef5314c545b6c317a7022d6a1a83a3d39fbf223622b5feb056c554cf,"2012-10-22 11:39:06"
96,55cac217effdcfa3914de6e9bc788a69f44e7454bd5c3395d09bdb956570ec9bd0226728fc8daf912a32a9bd9942e81ea9a3c5013830a85e5fafc24df20b69c7,"2012-10-22 11:40:58"
97,aefe791541675132652f1e4a2bd9de80bdfd74527d43c7619fc58d004a408f358b3ee702ae39b22ae7b97f1019d998b9c61738e735c757a2ff6bcd042cbe29ad,"2012-10-22 11:43:45"
98,e5e5cd3b3ad47b26651ecf920e5d3821b491a704584db0a2320208c4e29ab2e99de9eb727c9b74a95c0bce0bd2f9549cf459cd8ce17e94a7c6216bbeba476780,"2012-10-22 11:45:07"
99,dd7ffabb5e3181e134a75eba5dc7f6cd0d846e6379dc3f5f89c1fb6249f231f866b61834c7b48ba023b55b39084902fa131cccba2afdc8d7bb2434ccec9104a9,"2012-10-22 11:45:23"
100,8ad9c53b4f100fc2740443fb7f36b81f8a9d74362fee8512353ee9bac8697eea4b7b3e94770e1602fb0c10504f701b8c05deaa598a4c4214ae9b17753d70588a,"2012-10-22 11:46:06"
101,960bccc83515ddc348f5aa1ae3c83f4cda26b25f0f7c60d5653e19d5be6bdf7a9fa73b7da7fbe5088bb66bab9310b0cac505a223dc8130ea2efb93ee401c8cee,"2012-10-22 11:46:28"
102,5f659491bad076a3f09e41a5c65b733eacd0d61c9e8786c8373c9e2a5b926b2a3a7cb741c316adc80f857df78e4bc318e52e267f9fe9875da4944ac1364b2849,"2012-10-22 11:46:37"
103,e7a6f42453570285bddedf91ed0f3fb7de7881fea70fa89b9f7bdb780bf7ba67b75fe48ccdb0d2df8e73374a3259afdd79c375a48b110ee1adbbfd5b0f0b6b6f,"2012-10-22 11:46:38"
104,d977d00258b40d42a6fce73cf161342d02a3274cd2b6d339ec01c4af6dca3d0e109d833237f7adece5026c35cad597f9dc202de97fc89668997064867c26eaea,"2012-10-22 11:46:45"
105,175e6fbaa0cbfe82009fa99bfbe489613b864d0aafd46f10f2715a579429d5c158ae95a841be8331ac231513ca757c661f3abf53e216bf300d52ed47db269b24,"2012-10-22 11:46:45"
106,32e8294afd3aa296c1176c670577c0c541aa8f426514b5c7d22f54d53220994d2c5ccd4f327742caf89020863a27ea65e3d738c315c66194c5d04b4aa85fccda,"2012-10-22 11:46:58"
107,14dacaacf1416d50f331ac0d2df3ce4752f2aeabfadf217685a74beba077af3469446df391aaa750242e200e725e5cbd240288b48b1401d82201c2542a8a623c,"2012-10-22 11:47:06"
108,71f1197c320fe361cfa8b5fd97d1e0e04ae20ec44e06cea39aaa2f535b30e8f5c63bb852106baa95456bbe2c3dd5652e76f3915f25a1a5a955d7bf580e6c0504,"2012-10-22 11:47:26"
109,e5d8274d1eb234db4be52faa3b9b84c2a5f3ed5be78f7c0839c546e6ae32d50b59281bb8e08c08fa7699de2ce236bbc43114eaeb3af42bfdf8b293920d28f67b,"2012-10-22 11:47:34"
110,30a90a5b2c5aa15905851179cde58024ad6d2024d362a2576c0da3ed6c685137d9801a54374162d14bad87e56c9c31fd4ca60541bb4bb285906a5af26701d7dc,"2012-10-22 11:49:11"
111,2d1db5c0ffb206a4d206894010840c63dbf06d123e165f79e54b2ecc6448a0f32b771d68cad0d01c1114515bb23915519164c3109aec289f21e7f8179bd5bdbc,"2012-10-22 11:51:05"
112,f4eb05a5f145d136cd6f4035fceb99b9ec5ab834b30b4c5f36afbc8f0911b622ff7ef97cd397c9ee90e58a02803b65720a9ef26a368599243c3ed693865a126e,"2012-10-22 11:54:56"
113,5f83ab666a1a5fad6cad99813901e1b13129b9a541190c3eeeb6996190780ae884487972ec68fc831c873424723fbd5adb0875826a1551f66b0c5d153ab191f1,"2012-10-22 11:54:59"
114,c1e857a4dccb7c85735ed404b6f896ff3721b0b168fd589e1a5727c54c6cfb326bfa19766c9031a6eb58e31b0c45b43aa8c0dcbc8f7799dbcde2e15ddb8378e1,"2012-10-22 11:56:06"
115,c63133212a4296d2abf1e911cd4d26d7990be3bb9b40aacf59ba0fd4e46d5251a1c69febc869a1f9eac8ae39118818d7e21b184032f0149576381d47ed3213a3,"2012-10-22 11:56:19"
116,463860fd367f853ff08a2ecb6932cf08e0e24744c6d17a89c3fec32a7a5919130781cd2f673a065b68ebe227b2a4b54d9170f5b6a00a6ca9e9019349193c5769,"2012-10-22 11:57:08"
117,f4ba17e23796de2213e3a78c878d0132a8c9ca20df790403afa807a74d5e921aed22a4d465017f563424d927b27f6db4f5721fa65e7a9b0e3c47ad9886edf418,"2012-10-22 11:59:23"
118,7a0816eb9b1347ab81892fcaf1504e3ca01010f9c19603b2d77cd8aec97ee54d1903dc680f67e7c564410945f79e88fdb904a413030e583f816b212e9857521c,"2012-10-22 12:00:34"
119,bac4201b5282ee2d0a5e9595b6d76625e7dc4a3934247777cbb13dba153d06ee0756d7ca10fb82cc934d41566c95e243352e187a51bff48b6766470b8d85d705,"2012-10-22 12:06:55"
120,a9b38030cbe17ece0cad667b527068b5948b3469ec753797e238ca82cf6f4a42268a013b64361a94d6c51bc8012c0a4389a30929e814f829fea3a376d60f68cf,"2012-10-22 12:07:24"
121,59ee60fdae1f9f8f7f3e2b56c74880e89f7e16f26a7977d7a869d77855ebe844b00a97a4f75d1d1228fd9fc26868c0a952af0d3f4f463ffc91834179d0db0367,"2012-10-22 12:07:46"
122,8a568018572fde6d2eabc58c752fbe7f611ec4afd118e1522da76ff91d73cba5094887b2aee6077cbd1e71e28321f4b26d5f240d95e4dceaa772d772ef7eb7c1,"2012-10-22 12:08:54"
123,98177181866b5e1b3888e07af489321546f31da76930cdf7151be1b478b540ca953623b3b32ee089276efaae9b296e59b0aedbd544c0b97b8aca2460a7cb9725,"2012-10-22 12:09:04"
124,1b8c2b0a41948f7ba29737d93bc58018c5b5814ad2727fe7cf29ffae4811782cb9474f2fb7f6d75ae18a00e45a34e3242fee483c69970f20bfdc9d11c89e8721,"2012-10-22 12:09:41"
125,5174f5bcae4f791242b9daa54951ea6665030030c809e9a77f166a4924e98c8429fd29ebef615174f39887d648f279582952d1760aff3205773484334bc51386,"2012-10-22 12:09:57"
126,d057a31b221cd9d8e7d6c0523c6c7e0a9d8ce454b4952f7db494ead7f7e08f9cf510d841121312dbd372748cbac7c205d4759bae56369e2b4d6c4d9e5c1b058c,"2012-10-22 12:11:32"
127,2b946cc7bd6b107317a317441e95f33f5578a84f971702b3bbbc3f5f64fe4501e5647287690839f4c3967945b8a624d7506a1dea06834c2c6467101170d9cc0e,"2012-10-22 12:12:01"
128,73649ebbdc7d8ccd1c906caa40a1ad7ded6af5ca9f67158cdf4ec3697fed347b5e464ea30b4c7db72f9ae5e23cf1ba2adabfa510127a9dac1b896a6f3a9eea9e,"2012-10-22 12:50:15"
129,5b4ff024bd979c54b430e268e5db341830f0e019d283948a4574808518693cf097c93c1aae687a1e67c415e2f4b73767d786f236a96dc37af7a1bb055d0eb96d,"2012-10-22 23:06:43"
130,9a53dc846ebf55ceeee605d688a52036e91a6cdbdcf0660715f11af3f8785902a0af9ede3d8bbc5392844e6b336a1e5c339ca8ed1bd1ccc33f4fa69971694740,"2012-10-22 23:16:26"
131,8e73c228394a4c2f03f228c97227206594b3dab6e4a608f958454c2355ae4cec04b5f4704d85ffe7425f09e9c48fb8d1886d9ddb53950e14784090647d06e2e9,"2012-10-23 10:19:50"
132,1e426a002f0841b66b7a72367cda27eb39f7039c4017611645f1b5949a40d45ed8c1bf0beb067255622a9b8fa0e2df860d5b4cbdc87de317cc4e2785909f20ce,"2012-10-23 10:19:50"
133,09643a8b5141c2d70d9421fde1d100f78e80c345c5fe9048f1e9cec437d6cfb8dfa5ebeaddf005d11345d37dc6ed97e5d10c8c4ab57484d300900a49880515de,"2012-10-23 10:19:50"
134,5a54403423e91a0202382467e6ba7b46bb82e0323a18746583e6f975f76617ecea5d3af56eef1772214de3f037397b288a3a5f452caa827452637794cea01e0b,"2012-10-23 10:19:50"
135,9c2d819cd15b4f47a026117107ee7e777082b22957b94671a63770656b6fe70321c8a4923addc0e324b0783258731ce94286b5bd8d8d287b73f3feee44118a07,"2012-10-23 10:19:50"
136,1475feabc5fe77c477228570f45bfc2cd58c02481d7080f2ac3801dad72217a5c82b1ecbbf2fa0c11320f1d8cbb49cf946bc91f28c83369583c2a813fae5d46c,"2012-10-23 10:19:50"
137,8e73c228394a4c2f03f228c97227206594b3dab6e4a608f958454c2355ae4cec04b5f4704d85ffe7425f09e9c48fb8d1886d9ddb53950e14784090647d06e2e9,"2012-10-23 10:19:50"
138,73540ae53a6027221fea9bfb6e286dc0d23a1b683f8aab02b66a4be98fcb36d24083485080143ced61ac211e339f333645b8977c928ab37e3b629ca78fc9f1e6,"2012-10-23 10:19:59"
139,dd6c260fd262e3ec948a31e847765899329373f03d42feb489025189d5c349bf119dd98054418897e71484bf0291e6e8704ad45c239ed2e5fc350ebf2831794a,"2012-10-23 10:20:15"
140,4196eee54332dee1d6ded723f48fefd3a22b75d635d08cbdace496dc5c934122f792717f2215dacf4faba250b3205694ea85dcf2fa0d43fd49cdc43a4d66d99c,"2012-10-23 10:20:16"
141,0809af983affeff431dff19a8bf66b972e7ba57f12b051a098ecd4c8306dc4f9265069fc2d9a72095210e987da37fc78a234c3b18efcfde503ddfb0955f0ea6d,"2012-10-23 10:20:28"
142,24754a9367fb8fa0d62c18d306e0f93a4b400ed35c5125888327aa0847deb1094c611430ad3a60427f9e03f302201cb606bc9739be0449cc402c8c25ebdd9418,"2012-10-23 10:21:01"
143,5e0cae4493df1d56b0c7b910901be1490eea3606d0e4636addb10dc5f75ae9de67d73e1c536da9e2927553968bb24ce34cb5656f3f620f7a06a57543d6b733d4,"2012-10-23 10:22:28"
144,7822884a547c4ccc792c5ef668a8037fe2a619d22b1e70f6fb988216b83ea66176de45e96b37d8aed1944efa2c4d3da9892b951e88ecd11a5a4b59eba2a7fa37,"2012-10-23 10:23:45"
145,e8d7074e24dae15200c10f5fe9ff03a4a937477b927b65cecebb23ae73487720549f4a921f575bdfb0196ce4b9342f5bc1a21d8c5416ce7b36c8994c4eb53f70,"2012-10-23 10:23:47"
146,eae3aafa16458acd0be7d72b184c20c20d36ee11a5ad96789ec2ecb2b7d338ff8e63fe6e232e5bdce16d6d1394f9b2b9f8ba5de1b2e73d1401794582a1ca354c,"2012-10-23 10:58:00"
147,98dc8c8a8ba5d9e60e9151a7109cc3a8d042fd078e53f56c7959063cdbfa3e14d5745c36bac3829a17b223baf59d676c8e231d6f73fb99416f317aefa2bbb930,"2012-10-23 10:58:34"
148,488330d9917bfa561778e468ee189ae1f9ac3804510696589f9c48c154dcf7c5470007295a2ab36ff35d028203266c086c0b49c68d829614a5022e0c05061a53,"2012-10-23 10:59:17"
149,394e4d32056af4330321cf5ca0a60b38ee05b8a39239d1fe2d4de3a464f760a770912882f2f6225a6de9475f19e97f9aaa1613adfb862aecbd817fb76c06e5e7,"2012-10-23 11:08:26"
150,2d0ca9bdd16e08f56a409bb6ab667e5619e1c3de6da872a4185d29462349d1535b4a2c1e4f91a4a0361c005c6e71b06a5bcf77bc413bb07c0fdf5b05a2de304e,"2012-10-23 11:43:26"
151,32f84afffba6653798e1c7aa0f439ca62f11dfb133068a79a774fbb744e2029d985f91ff58dacbff594bd62784b17a61e9a033949111821acd7a403e2d191169,"2012-10-23 11:44:18"
152,89076904d3cbd5440d7c6697aacad031e91146d1a0aa7966da293101bedf5cd01a32ef0fc4a49fdd57a91e10fc412883146a7baabfd1fe7dcb1132c0ee4ce445,"2012-10-23 12:05:14"
153,52b3eb2b2c6704130cd829cc82c7e5df19ef6849c03f163a43d19933f4c807ffe27a2778b940b971c8b50c7f744caa1efdfc7424f0398ed2c68a47fac6ffd6a1,"2012-10-23 14:30:38"
154,12a6acf478bfc8ae7f894708ef4fb6fb9e3579df4bc33b4cc0d25dd8c12f7bc1be73e7436e576af3054d6581bd2c30f6d32c461c6be83c2a0cd8d4ba6e85bbb4,"2012-10-23 14:35:32"
155,2c0f56e6b09e1cca22528fe799ebb9ceb083a52a479890a309b8c1af9274332d3f1b0c0cb791a29e12fc6c43b2bd7dc0f88600ef6cb689cd053f2764f434fc7b,"2012-10-23 14:55:51"
156,7962b918c30d2f141d922b25c9794b3563076d4a486be4a09aec64b6e72b72c0dfb95beb0473ac0996947dd1b34b4017b8726c045633dbeb02e3adc3e6fa7c4a,"2012-10-23 15:26:49"
157,2e95f7689b038bc5dcc577435e2299163909ce8ded9f6c3e417217c94cb95890fd6674450e6f8224fbe28d7e53dcb3546cb92d2b65e356966ee9b8701d85d0fd,"2012-10-23 16:19:56"
158,07d95b90baee65742258afa577ebb815909b7740a84750ef8714711841f753c541c3cecac0ee9fa9532d23587ab3f753c8d56daad2ec9745551c3a3cead43d63,"2012-10-23 16:23:01"
159,0ee9403d86024b5677a2f9616c29508ecc367251a039c826b83aa7ff959df88c095f2d5a46164f8820722a5c3108a2d0fb4659f8891bc187d4ae4b1a7d6ec2ff,"2012-10-24 08:01:50"
160,181d84476135ff4aa31d51b36cd23269ba7ef23568894b6f996a763ddcde091216a27a316b7943761d70fda7ca09c99dcb4106752216ab2c3bc2960e20bef620,"2012-10-24 08:02:12"
161,fbec1f690cefd11552a55a5d78cfd8943b581d265f2164b7d3d8ac8a5b312e46d3e4b0b170e82e51ed7919eab32e32016cfa97118628fbedd98facfffd9a83ab,"2012-10-24 08:05:14"
162,3fbcdfb9821b72d2d39ba70154d166e28ae06aabe13bf16f1e3a75f8d941fbf1c6ff420252e44c1f14431a50a2d2ef008d40f8697d6310f5bb9fc9b62237bd35,"2012-10-24 08:07:55"
163,0c69cb2d9ff6bfbf260a7ab12cc9d1559b8befdcac1125fece6861b8f875221b70b53d784bf643c9c7949e730727cb9922101661a310b9cb04ceb4c79013991f,"2012-10-24 08:08:07"
164,857bfe4a7eb8cc8b6c0ca6addcfb580b090f5ea5127c187808c466b8cfb26e7cf582c21b3c53596877d5d67e5cbdd96f4d060b1331508037ff76141dd613e33e,"2012-10-24 08:08:12"
165,6006f02e8eab036b0fdf4e886a7bd4ef1aca5f9f98abb100ba86131e64ec692db45d77dbaf1de3729fdec277ea72564648282aad5de5b54ff6dff0cfc8c187e8,"2012-10-24 08:08:47"
166,dbe71d1b5b67ac9f752987ae99b7fd2424c8158838459fac353c6bf009f73dd84110ef38e9a05e1cf48df5884bb703002a9e567a2ee4821a896f8b1464337d8b,"2012-10-24 08:10:06"
167,3b4a78ede729a838759440a167f46d635490f62accdf34cd029bfdf5d4d4f58fe0c7d298e82f89c0fe2b2857ac89ab5ae7588da2973dead36bb2c95aeec80ec0,"2012-10-24 08:11:23"
168,25a4eb6143136a40791731b6e0459b6ed8b0cef7445851b061e371431af7b7a162029b664607437e3e7598e52fb44905f429e20066852ba8abedd2b59754a62e,"2012-10-24 08:14:20"
169,3de9dcc1680cbc1d885b5f5c5950ab87c86fdbfef521bbda590cada15cb3415979b78dfc03dca8a6ebed2ab3594a282fb80a1d14bd281b2600f6007c944ffc88,"2012-10-24 08:19:38"
170,7b679c9f1a7b193dc0d02b4f4180ea15ebe8296b3b6d13a77e5a5489056500dbb0bfd51168904d13dc9d641b5b05a7cef656f8c068dba7ccdb35b0b0b106b647,"2012-10-24 08:42:22"
171,41abaaf27720cc448ebdae5a447136b1585992b9c7d78ed2eb271b33b05fa5d3c476b3a4feb7e4119cc68642b13ec18f49f347c8b888a51cf4d2bc39cbfa8f6e,"2012-10-24 08:42:58"
172,d833470ad02d2d5db53fede3e572e486f5e5c9e80757b44e4157977f7fb5e546c24eb9889a24bbef7d43f51371c4f227cf5623de6c9d2d1769f0ee4e898ae364,"2012-10-24 08:53:59"
173,10d0dad2892ad9102ed3c164cfb3aafb86d177ef34d6615b9b2f16a7ce8d2e73d06f9a540158141bcf729b91efd29cd257ec5d68fba1bccaa0f5127363b0d3b3,"2012-10-24 09:18:16"
174,60c00b3677ec0c1396a1b7a4afee9ef720cb6fcb612b8d739d7a8d418c1fc2f3044f2668a5b1c5c64ed5829de49e424f776958fc74e1c9f83debea19ea4eb1f0,"2012-10-24 09:18:33"
175,d3f51494a8e377e1e0d1256392f235f7a4fd5e99b11e1a07198e82a29f09b2febaddd005697aa4bbf08267c23300753ab9f39730e87bdb7270161c3f9e457872,"2012-10-24 09:19:04"
176,fba2b14f8787b7a2b4ddf718447cc13061ff64949fb7c9409bef67e2985b9a06ce5dfac2f415699a5c3444f65d90af96939ab8085778c219b9fd55584895468d,"2012-10-24 09:21:58"
177,84ccba367f30ce82dab222f30f1c2e37faa0277058f691b82c73fa1a3dc9b84709f27673a4a04a6cf97fcda111b7b1da5b705fe2e7d96c97396f17e240694c57,"2012-10-24 13:31:39"
178,253d8dc53504538e42c21fa3ffbfc59e92d62b7b6024c70d7e36c15355023842b5fcb3eaf5137a88e6aaccf4aa2ec415f34eff1258722698fea2c9a266a4e268,"2012-10-24 13:38:20"
179,c5d548c7fd579d1e767729034fa11bea3cb2ade504606abf04f4a2d4ce8366cb038b879b607ed3e889146cb1124b8daa3afe1ac50ed410e7645eff4f8b2e1632,"2012-10-24 14:11:57"
180,f47b41f477f0e4505821b771aedc0bc97a6c036ca143fe4daca0e5a371255d452751686969d0c3ccd1c47900292ccd56effd01fa5d78b3a78382bf83e576eb40,"2012-10-26 15:49:40"
181,0ac93bad89bb5f1fd293cf9dec98569172af71c69cea8212ed34092b472d0c9d3d5a36b6576a02cfd7b6282c65cffd9e7b82ef73bd049244f9a55733449d76bd,"2012-10-29 11:31:09"
182,39d5c75e6b12a906742a50db26c5d4e859b34604bc4763832d81bea6f10ff80d914fb16d93b84fd7c26ede3a2d0c149f2ad1677626fff8e1dffa868f4547bd82,"2012-10-29 11:31:27"
183,8ef995a4016bce04f3e37b6242be790195259d04c6bf7978bda56d92ad9ccccdfb66d6616e999dba84b543e963fd9c4100816ca0aaf1304e377aff5e3aa01815,"2012-10-29 11:33:05"
184,14f2e07f12307e4c6423fe44ce6d33fa34b4851a8f6f6438f296bc1434ac2f2c79f4927e612ca14c08a5e74e52d64591b062fe73a24461e41041abcc5ec55264,"2012-10-29 11:34:57"
185,61fc03900bf42fc8df0aefce272420ffd39c07ce2db9a7784949e3d31c8fe62346625f91e9ea4d23264755463de42d2019404a9e831c177e16892c41ea28d045,"2012-10-29 11:35:14"
186,a988f1cec5b4e241550ed19f54ae0bc12874a4516c146f6b0b4cedc069d336f44c3aeb6057ffb92626bc9b58a53c7cdb4cf85a4c1b5f2d142d4d95fad63e01a1,"2012-10-29 11:36:33"
187,8d3495e4ee13b18b62f6bcefa282e55cd77de361c0c2bb599edea3af1167ee3d26a2f7d7942c76f6567bbfc8a44d293f4ec88ee13c4894428b429cd199d11715,"2012-10-29 11:38:21"
188,d45b48cafdda2644b7b07d6fc63e54ce66bf164eb720b478c55c6d479867c1af6bc5d5ccfe7201bfd4ff7d740ba6c4840e8d42958336e0afe070fdb079fbf16c,"2012-10-29 11:42:01"
189,8677d54831d6f11988e85877d1fd22ef3573eddc5550e68e676c2ede2eef8f163a6eda394a771f4b320bf4a5c464f5e0d3dd3a44e8b201b4ed5e1b7e29089935,"2012-10-29 11:42:02"
190,a34580791a59c2790e4321d8e49c324107823cb28b65f7e9c6882b185ca816d9faf97fd95741bcbc2d0a2cbc98bb97c328c67a393f1eb67d4ff4c68fe36daa52,"2012-10-29 11:55:05"
191,f7a74a548fe5bea5032fcfc2193e52e7c43ae3b9d5528cbdd076e500bcf4546336ec2179f7ec6dbae5b3e70748eb7db99d1525bb02d62126849e449a7524488f,"2012-10-29 12:09:13"
192,e5d5e3213a0ddfa637fc25c95d76b5ac10f3242e81d2099e86e58b7ea78f6425143b63b3f25671d92d5c886797d47a112576bfed26eaf620932affd7eca9e467,"2012-10-29 12:47:27"
193,8dd145acc085130aa1c8b9c7970eb1c47be59b6ad7f7749a1d293047b6cc281086aaef2a49f80d81c482d8a84565d0b4fb8e29036593b6f18e94c2d092d1c180,"2012-10-29 18:38:48"
194,458df834979b76918c9e113cef6f6ebc798ccb598136d03d309550e0b66981482400b588cc30ccc8f75401e5e9f6e1448b2896771da2fa6ad3ebfa367fec994f,"2012-10-30 09:49:09"
195,1d7a8c1cd48d2a97db9feff7730eb338c30d2bb952c7b316d9d16f578db5bc20ddc3694ee26ec80565e8a379ca069999a934536c92682f0a7e20b7b0a23c39f6,"2012-10-30 09:50:18"
196,efe2b26868e3a9b54f31f7fba5ca8af3b5d441b0fd5cf391a08cf4e5aff586685db38425b9b278224c83d36af9fa28e6f4aeb4eae775e2eeaf69cbb8cb258465,"2012-10-30 09:50:22"
197,441ef5fd662a3255cce34a60671b9a3d3b511458ae191540e8cc570c27fd13e76e0694ac3e9debb7ce6d7244e0564e95bc78d8d1911ff9d8e909cd57ec5444ed,"2012-10-30 09:54:46"
198,6111bbcd11484f1c4740b5dc65fc59075f12054748880163367bfa6772bb74a57eb939debf2f49c2faafdcf7491f4cb255b5c692e8733298367ff131b0d3bd33,"2012-10-30 09:55:32"
199,8dd5d7fa907f07b8c6657c355b6b72c2af0113e610cfe93ed03771c8cae66dd5497121db5851ac00c320a74baccee9536aecd8fdec1c92c714d921689c041b63,"2012-10-30 14:24:02"
200,46b4c298e1b6a928ea459dce9ce710c51eed6a8c08b1fdd2924f64e256eaef494619ec6933b36917a5dc0fb2e913af7bf506853fba05d45514008d2884801e6d,"2012-10-30 15:50:32"
201,6f9a77da600945df98cc4d98c918f8d7291e8e87fb3b5dc83de92cbc98b01df66300a1014d5ce696da68e9d9fbd2679df4320c2e2dff4b6265a568263fcbf8da,"2012-10-30 15:50:59"
202,03a6f713687cb2b494e48363d59183ed21f565032d9cbaa94938d4e00b15d1242eace31e7d26b896472554519634fe238834d8f9e9d1333d10a05c33e288f6cc,"2012-10-30 15:51:06"
203,ed8757008b0d2d5cb0d3af28f926d14e5994ec6627ce3e71bb457d82d73638810ce4833e126b4c578d04dbec7589092f45d943bb1fb9b33aa41f5d903f916b19,"2012-10-30 15:51:13"
204,c0ee708c0cd46502572a0d50b26949291474602ab761f47fa095e918e862e37b3e687ba8294895b2833ffff91ba945a7b8b6ca99cbc779be250370371bba475f,"2012-10-30 15:51:18"
205,731249c9cf481b1023ff1279291e78ff09a27f5ea4327a18e4c9af31f69a66dd3dbf1b14e3302272cfd9f058cdf166221890d90f3dda48074abf7bbc8f48c81e,"2012-10-30 15:51:28"
206,e5a5976cb900b8449e053ca1d1e3a54851445c0fd45f94d650a601ba3759123cb750d93a37ad9ca5795373b4d8a571ce20eebd570568d45947fc0f2c81691d0a,"2012-10-30 15:51:40"
207,0f7c2682ab5e1fa8e472a1921e20d0ad5a2ef3c08b0c6b20807874426137c7580e86e926c1017b894e3fc5dd76fe831b048a257ce1672a5ebdeee3eeb2bba05e,"2012-10-30 15:51:42"
208,adaf08126e05c825383f26a97d95dc3def38d4320be97b47fbbe96bf35723d37a124e95a12cdd312a8e825be270062ea3109ba5ee5e553920c5fe717bb04d90e,"2012-10-30 15:51:47"
209,36572685a39829e44ee247217a85b1b7e58facea7819cf5b33cf0eda9626bf8d04852073d0909fd8c2794517bb870fa7099fc73e3403c03ee74e43377a7d29b5,"2012-10-30 15:51:50"
210,b4515668987120a8f5f33ba2ba316397e4f135ad3dccb59777c178f93c8c88dce632ad3c83f0c885f08e515f797ea6f6097c7e919e6057d24567458d3a22ff85,"2012-10-30 15:51:51"
211,f0b2654e7a5d951e1c04fadf3b1c2d77ecd6bd1b59e7a4d3c316907e5d4d7a86a0736118feb0d436c1e81735c5c1e61daba46b822e31fb111a4f178d4befdad7,"2012-10-30 15:51:55"
212,9fa2e99d5ff3e4f662706ec29a8823f0ee4cd02cff188fd1645be737f00cb15a4d6de2dfdf814cf0909ab69fc96ea1afa78cf08ffd28aa33dae8d76148d00d91,"2012-10-30 15:51:56"
213,c08b0f26d1a28bafefcd3e3ebb4f8416f6eb79da58e625c8fa92fe28081648c96722aecb8e544b7425d93e3b9b20cd99f80c10f9d765108072b689137d05e41c,"2012-10-30 15:52:01"
214,4607b76bd2ef286feb02bb1dd0fd5ed9b814cb65204f2b8962784c89e18a0e40e827e778e4070bfe9b6fb60f266bfd9db9731c3367fd377f0d9fc4dbb1824904,"2012-10-30 15:52:04"
215,0d15b35116af2dcfbddf0b81042c999d39c61b848caa3de6d1ce2d5dc8dceb926bf17f61870711bcabb57f5e91673fb021d87e2cc2a41eec014fa7188dca22eb,"2012-10-30 15:52:06"
216,c22ddf5f5dedfad471b2df0cd454fb0bd4f570c3ebe8e6212323cb7bffdd2b7f12d372583ae356749a2e176914f461ecb86f9144143abf307defd7e6ed150604,"2012-10-30 15:52:06"
217,086be26210953f2998eae8258070a65dc5a6982e90c53015f86b55510318346f395411067c46f5f7ac8e0a91b3f6c0992dcf95dd1a0afcc7946162782ceed33a,"2012-10-30 15:52:07"
218,7d5100de79a1d3d9b9132e51f503833db610999cae5901e5e8a8d6fb727bc3da12db98ebd0f943d9efbbf13857f84686bd2535e50b059310e1063f63d8a32ea6,"2012-10-30 15:52:10"
219,73d7eb03714dd9ec2cabe5d10647e62762640e147a730424923d8045378764a754773e0904ffaf7d8ccff7ea5e2a98cf32de96c820ef6285ccfbe839b656e958,"2012-10-30 15:52:14"
220,4b8dd854dd65df0c2ef96a3ae5c65426a49047be785b6e969ebc3df0beded021674a933e68c316dc7ed0f695f87199eee54326f6c90e67eb94894e7c39b1e7cf,"2012-10-30 15:52:15"
221,2323881d666482668f5cb099180277ee57fc1d64f7f915e92067aa50c6fc5641b2034f4c6d9292caf32ccc3c01df7dd9b31365f424f4e2a3f74de54276b8fab7,"2012-10-30 15:52:21"
222,cb618f60fc702d025e74ca96956fc048584c6616b7f1922972ad46aeeed832337f9a6551a63570bc485d2abdb15cf961f49e42739a922da7140cd6e5515aa383,"2012-10-30 15:52:31"
223,91aad1c71d56c5b8a4398a7aecd928e0455a72e269dad54c72ef6b23d730d01fcd97ad89b52661941e5281916645cb4b3adbb55e7bb434b26485bf3598b194db,"2012-10-30 15:52:32"
224,3dec0bb13152ebfc6c127f300bc9a2f9ed553e0018ffbc985b49b2f971d62a88dda521c490382a9c3fe465c846db4a45d5809e610abdb95f313e13e26bd36cc9,"2012-10-30 15:52:39"
225,baae2ecec0fc8a57cd9bd33f87fb163e28b8143a32fe2ce40271e410d374927a0c831db92656f0dee85603ebc479a14334b7981d2483df5717d2c9c306ffbe47,"2012-10-30 15:52:42"
226,5adfeaaf6949c46f3d8d59a7bcb882589168621e59056911f6a87a0b3fba4171b8695b16f59edf82738e4d44556e105caf8972d6bb4d4f6b80e374ce65616dd0,"2012-10-30 15:52:43"
227,0cd9917b3d72eed542fe43bb30db906bcc4bd7ff9289a3bd90210f5d724116e3436fa818966b1839ede1bbe593f3d5f145ca957455ae682977cd5e4ae3d213ee,"2012-10-30 15:52:43"
228,7d3af37ccbd5ecbec90ec41ed2c611a2dd9650ccd9e64cdb7883dd3475c7893dc72342fbecf819ccd546f53aba06b6636514c7146cd14f215b8d971dadfea69e,"2012-10-30 15:52:55"
229,6b4a3622a00c0e9c0387283c8a154cb002adfb9cda1420536db10d8d8ed426b4e90a99765c4ed35ea1d283df94dc4f4f1981e34c6273f60ec8ca6df4bd8ef16b,"2012-10-30 15:53:02"
230,645d2a93a23872b6e8dd9c003b3aca68b9e1d04f229ba6b2ac684149bca29f077f64d4648bce2316bca3622cc8b7c5512a3ad65d34cf71b257a5eb103792a10c,"2012-10-30 15:53:05"
231,31b7c933547817e8d372655b937e1f804f6b39ea7c538d1a0c86635a21e8f6376229116bdb200deb3ffeb751895d8166a27a98bcff5e02816db8d8e777ba9238,"2012-10-30 15:53:09"
232,19a8ce91e5af1ce22b0b518548c9021a61ff088b2b568b996fbfc3ff0fcb1c90ed9b88b4129fe603baeb1e6b26eec0b357edd2a1c90b1e6a5b337d944d8b7913,"2012-10-30 15:53:11"
233,c19920e803a9158690d2bfabddc4a55c50046e959a056cd1b9fe613d0e05f7122d718cf42cfc06af6a5c45d7577ff288c92931d8253ed75420f8c59096d4e6bc,"2012-10-30 15:53:13"
234,6217d03b320ab89a88955b8a764048957f9ffb054cbfb5ec87b7dec92465040148cfa711b37dcd2a1174e3c8c3e7220556477f79efcf401ea10e0f8849e1a258,"2012-10-30 15:53:13"
235,c3df6e6578d3fdabc28ac67f9d7b1940efc877e998e8956f13528ffa0ec3ae9ead1c5a4be68f12946f1346a8a8f3c566bdfd52e0da65ecb0155de7c6243f35a1,"2012-10-30 15:53:14"
236,e2de14aab99836689225d931c53f02f5009c9d73cf7ddc1b00bf140325a49edc81618febeeb1116d0ee6f04d426aa658cdd9fbdd16d02b5add13c3b2e1155a33,"2012-10-30 15:53:14"
237,216055f3ff3e66c703a791ded753c31b872e57723ca11a1c41e3292e3665d20eb1d73443835cf2fb9bd2f5c4a7e2a7d1c5a6fda2db0973b483c2ccbf91ae9dc1,"2012-10-30 15:53:15"
238,92f46be56a5d7020fa858c60d577aad169a77297bc5510a1fceb8f03591ddcab9a72c1c3f4fcf88ab5147bd9c31aa17380f6c881b7b598ffed17f44249db877b,"2012-10-30 15:53:21"
239,fff4085799cceb14da9790fe05948309cbd79faedb87a5aece1f9e96cf8850088469c2db5bd29c6699baa5827e6f478486b27b66319ed308fad7092101aa28a3,"2012-10-30 15:53:23"
240,186b54e344a1e3db1f660a6eabd7cc02230552817957448e3fa5d41d8d8f68be48373dcdc26133f00d26bc5722f904b07faf2124c2e1fb089939b36ddec71a36,"2012-10-30 15:53:24"
241,929d4b478fbe951547ca21d612ee5a5f16208383abc295dae7b8b317e24652dad3ba4bf0799cf14613d013343f9f6cff3e55640f9fa0088dbb9c74e657930455,"2012-10-30 15:53:25"
242,fff0aa9d56f00f18e4a8178b6ec48e68e58eae6660361952ffc4e7a5baeeeec91b15f84340946a1ebcd9cb140ed3d48edbda1f197a5304c7ff63be11b5eb3dda,"2012-10-30 15:53:28"
243,941e14509b6a967d7e2b2b542ca3dc25c4879e013ce2811a69a2bef8ddb3632ab89c146f7c33806e7f1257c091ac344aff23ceaa7139ef8b554551fcfad60612,"2012-10-30 15:53:29"
244,65702ff5fd34654a3a1f4121c1ef0890a78fd4848b197e6f677aea556da6f6b99e48137c4b09579194f16b9e14c3bc4ad99fbab7e9ca3a840ff80f7f5254f859,"2012-10-30 15:53:33"
245,05e74e2bbed5f033a0f5ea965285c045ecb56c688903b075455cf894393d017ad39a6074c9d17a06948133156f154b613ad96a31a2ce83ec8ed83f45c832e97c,"2012-10-30 15:53:35"
246,7294624f221a1a39edc6fdab4cddb25be2fb8721131e0e8d5c18a429620469c46c9ebdc5a0e7ec1e2a442f5cae0a3bfa9658883a7fac20a3418a9254fb259f3e,"2012-10-30 15:53:36"
247,8a2918cd6f41ffadc7ec03a19d6977bc54d954c77bbdd9e46aca995d57da9645ba564e9d7dd285e94cf073e2c6324433f66536f6c9a4ec05531aa3a787dc4585,"2012-10-30 15:53:44"
248,9ade415ce0d72bb7f27fba0b79887e3adab153cc29a1bdddb2705365c697bd366e6aa5915b9a218866af45d87733aeef0ccd73039230145a8bb61b81a6d80ea3,"2012-10-30 15:53:52"
249,3f51a87f3dcb471f46ddd820ab6b0725662d0c6a76723e2b022ad3bb98dedc98de3c7090c05b8cf2c3ce3758d3bfbcf066ab0a4b5a86de2b3f517f8d9822c383,"2012-10-30 15:53:56"
250,05b9d64a4043fecd75216874d7cf1cb6b5887155247690ceea345b41a5d8deea835df015a177f36079e606319a3fabafaaaf82c114828b7a8bbc0721a9aa214c,"2012-10-30 15:53:56"
251,486cb557ef0022f218819c95282e0acd2f5c223ddef363f1fc8db9ed17ce1cb79f310c1e182bd2954ac53484e1c7bbc6f4d68187657fe613077e99ed91a598c7,"2012-10-30 15:53:58"
252,d6ed50a3fa1272513f99e986f3a4f34d93b05bebacb52b143f41a97e2119b7430e05dc90d9659e91c373c92d87518acec1cdd239bafdc77fbd2dfe55601a5f37,"2012-10-30 15:54:22"
253,61113e14da0facf5d720b49a728f330f5c389343bfa9ec693d5dbb9ee61a4c9f931bcbf59582a89605a144331487b2e2ec84450204726c1f4911e583721bf920,"2012-10-30 15:54:29"
254,f964fd56c8a2ff0b74316b3d61a2e2e1daed1a562cc5415e58dac9f4b2d33b3149e2493dd76f1256f85f0d1fe07da9c397cc7c50bc76b219745c2e5c4d4b5219,"2012-10-30 15:54:42"
255,947c6f8ad97749b82224f1ac6c56fc111e6bae6353d5c9e6ab484c6c44d0f9a816351d2fa0096f97b880b666bc087e29667e469926eda5c1eec0008a0abf219c,"2012-10-30 15:54:47"
256,0ab960a261d64a6d7a81f2a458e83038b848fa68bb20ee58d1fe54154bb096807e1b3639e46a5ca89ff0abab038ece4ecf3b91c02773f3d74aa7d5e380eb4127,"2012-10-30 15:54:53"
257,c318ea3db1d5b4c36de6e23f51dcde3137775c23e08b7084629d2e6d14b783f70a162b5699339e263779e9af7676a41d0b20a2e879560bf4de1da471136c6152,"2012-10-30 15:55:04"
258,c313d0965b53520efdfbf1a3f1ef2fa9dd5a27e8e3ef121bb1b1dc4e4420dff0cb3fb2084f0d4e22dc1b064616f4803e3efbba832a34dc980af4d0dde9c91414,"2012-10-30 15:55:12"
259,8fb2cbfa1661f266ae04cdb8e6ec66bdac42efa761d2bece28d107919ec13d386605789c3beba11642444722720b3783b65897257b4228110cc41cb166f7b7bd,"2012-10-30 15:55:13"
260,bd5f29ec1ab0fdd85dc08e7eaf2a782aa31fb3f670c73e168779e11417d72108bf0e5297c137cac4620d998a6b4d16cda2d161b9994366706693a01ad754d550,"2012-10-30 15:55:25"
261,6c70ebae381c241fccb3efb3bb0fb35daafc0b7dbcfc398c552b16642a80a4341acf0c5ac51d621d8c71fd84fe41776d213b8bc1dc9093a8a9206b8be2da04d2,"2012-10-30 15:55:25"
262,dfdc90167ad31e95d1f5881423402635af6725ef137cf57b5683c4e4c337e1d391076a33c0aa628480d098a477c7c45e7c75f1484936094cbce8f70120809f58,"2012-10-30 15:56:01"
263,e92a9e3071fca51b6ebd4fdf855920f79ef7e678ad3329af5d3be5ef931292f8d6654d8a0aaa6fe9185ea78d80634cb84b34f04d021932e9826c752560da98d0,"2012-10-30 15:56:16"
264,e57bb20d27fad36a1a249a22f20c5ad7103d8ef13bcbe186efa935d8a10f69368de502d6c22d779dff2ec0ed10c6a20d2d323a150f1004f5aed6dbe22ffbb67c,"2012-10-30 15:56:20"
265,4c45041f1a83f908b1b85217d7e6b97ee50f71aea22c262caceb4ca265f8f3f42364f51e0b33595bc34664dcd1fb9f47c07eceaec9f4ed4f51e7473ea3b35040,"2012-10-30 15:56:20"
266,a2e769ffd0b2c9b19ce9d729d43e3e37e7975dbfda0a5e4827b66c321a733e7ecb9ef0064dd9140fc3918beee238ac08ee4f5828f691f5598cedac47d471166e,"2012-10-30 15:57:06"
267,236d5a000322b11f2d7705f3769daa6dc2cb178f6cfff0803231e461babd3741e371bf2e7ab59f85bb86a7c62a43c208e1c442ff1901fdcc6666ccffeb7ce5e3,"2012-10-30 15:57:11"
268,60a384b73b1fd828da9bbfc52406648f9503b510b4f4e679293994ab5d79afef04b8265c8e6032798fae11daa296d53dbee28bc5aa6a10f7bf62d31072533f6b,"2012-10-30 15:57:55"
269,8682b167b84ebf20be817c839bb55f824771316d53b666dbcc26d448d6f1c733cd9c09c369dedd5ed1aaff297e39518afa6510f1841107247e006e4324c16fe4,"2012-10-30 15:58:06"
270,2b4b83714b4c40b99ff9e46c16db41ca5b46c97eb34bb1e1f1eb509d1f82a092688d95bce9b9ada277fad3eeedc1ac060a9a1803c02cd6e25b0fddef9c349bab,"2012-10-30 15:58:13"
271,d79ab93c7ee7b9f31becfddbedf19c4c695ccf7c233af201f77b0fb155ce622e7877f6919d7e54be2b109dd369518cfb353c2881f079236e85f1fbaea5605137,"2012-10-30 15:58:14"
272,6373bc57a96573b4036244fd618bb203f40a7aa8f00de860c857a1afb3717567e1c75e5fb11538af89404a90dc50e2744d953be43454e054f7fc57ff9c1ac082,"2012-10-30 15:58:15"
273,33b4d085ff3c1edf9c81c78f74791e33ac49cf816035583d6b3dedac7b36a8e94d3eb7034ebff37ba39e41e5ff1c16d157dff182877a4b97556a8af132aa575f,"2012-10-30 15:58:59"
274,f372e4e4cddb060be650ac27730951d9fd9322ba8946e20de2b8fb805c72c3b5795fce81fc0e4de22ea1b54c60dde205999978c5286dd4db30c4b48729669e32,"2012-10-30 15:59:02"
275,38d99f3c45d138832365f01312d83ffffc9839b44d362609541ec515b1d1ab994c9d1730af8a09f29816b3f173dc38f1556c5c7a95e4e70b0d33c2661730d39d,"2012-10-30 15:59:03"
276,4f1a2554e153be5e9d64e9c95993e1451482d281ec93f0edf403a99f40675cbd72029235b030ce2c1d8e9525cfbc192b61b9f27b05995f1a7f9152549ee11f52,"2012-10-30 15:59:10"
277,b4182af6ccd2f5fe099b8853ff02079c113175435a729d38a0aad61baf758122a1537cdd47a1464d5131bb7a77f763ba8b61c809c0efaee222c6578012f3d6d8,"2012-10-30 15:59:18"
278,b23066f3024e438bd752dae4de403850cc20219e7921027699c97689340409cf74aec9b1c0cfcf3265885ab21c498947c460fe2af9c54719c94a8c3bb85d61e4,"2012-10-30 15:59:40"
279,7e41122034bc341a9a0abfad0356919696f5ebb6357059060e154c6edebc4d93ce45edd0eb44eccd23f0c47af611b78648b5bc9daa304bfb3ffb212064961bcc,"2012-10-30 15:59:41"
280,9c33d2e5c54d51b581fc1850f8dfc185593e002a9e78b94f72f354f3d38f27ad21ad5740673566da0f3139fa928ec3cc111800ef916ddc5e97af0221b83567d6,"2012-10-30 16:00:04"
281,7161af0dd9b90783f8f25ca7286d82de9100031cc0a0d1f0566c70b68b6846a7370d686e9045652ed22066618e57778c2c6826727073d5e2f965eb7b6a69665c,"2012-10-30 16:00:05"
282,ea8f4f45aab58c5f9a4741449629a25d3845f073f70dda109539231404a8545bc4071f9e7ddb20f53d1a8c26a1d655ecfa610f7c796dad52d68489355023febc,"2012-10-30 16:00:20"
283,ea56bdb5fcff4d6eb53625532dc07ed193db5073416f4485825deb0fe5f90516c87b3354b5225be3ed7359772807e091656622c572d540859c945dd5b9bda0c5,"2012-10-30 16:00:33"
284,377f709b5267d6481e01a44076dfe9a9b2ad0f0166b3b2909e283702dd02edce1c1b89740ea96890f4afe7e226bfcfd16a9270a2dfb4042f18b7a9f95ebe37a1,"2012-10-30 16:01:06"
285,8426b855a3e7f2a6972eb96f1dd1072042835e0b26f5617862ce2e587b8d55c98bef11cd2c93403702bbf6da472f4b4cc8f920cf3f825618652056455848e4bc,"2012-10-30 16:01:27"
286,ac53b0c65e343856de454f80e36be4833754411e1613065c40f3a230cff9c4aa4c9f13fdc9822f3c7c95c5300bc66ebc793b96a891f8c3306d83f92604025061,"2012-10-30 16:01:54"
287,edfcbf3f08fd98f9d2fcab0ab89784693048a705b1056e2280c83a38d4a82ee67ab992d05cf2ff7a8933ea0f160bed7574910355438c74f789938356fa49f234,"2012-10-30 16:02:38"
288,b5c224a332daac6dc3fa8d2cac029b05bb28e4d815e01d79938761316a2b804102552432d474dfec167220530d763e3323728c7935139dfdb8b7fa687c6649c4,"2012-10-30 16:02:50"
289,789e56807cd349e6834803a562fd5f2902d3feb2aa97a6c656475ec162febc2462ee372736957c7745021376e0ff4e2d86b613b8cbc3279d92281dc6d45c5dc4,"2012-10-30 16:02:50"
290,3777b58b27b0fa8c8fd2fb575c8ad9cf0aab3deffee22817a6c60c7e7cda6933c709d9761b67dffdefda0dd72a95f9b9120db752a4270aea075e2a8ba26e275d,"2012-10-30 16:03:00"
291,d4143a8ed9d7866400b6154e4683b65f0331af7876339867f8a74d6c1ad7902cf5259429b10db09b8e0d85dc84e07b3f63594f91dc19a9778e905a831a8886fa,"2012-10-30 16:03:06"
292,c323337950b17c4f97ea7bed4716457f90ab87292ee01f067fa7d2970cd372817d0cdfe78d331467be83d89bd4aa9e7582aa6adb5aa73545eada649d30148322,"2012-10-30 16:03:18"
293,f0d8c5b89ce65027b263f1964c0c8f1faa2259a300a95bf2d92b814b716e5a8c8dac520e43f7d9013d8ca7b319b4aa03a2e06f16224a78ad3d6d121c55cdf924,"2012-10-30 16:03:27"
294,4e718f8a23d62d5e7fd31d59df728272009ab85f05282ef95939b4068c0417e940f4ff49a43e619224a706ae4d2ef61564a7546063f2fc96fec7c13cc67a5598,"2012-10-30 16:03:32"
295,dfedcc705aa066b8b10dfdbb4f217a43c0a1d39b065ce068e6b01422844fadaf712e6ff54a90e1a3c65fcae7a808ae44ba300d516046a2d982babdc9b3766227,"2012-10-30 16:04:11"
296,a5d2219e10985b275eac7c1f1a980624028f4cb260f7513909a25e6adeab7dae42253785dcea3a504d825913c258e4bf42f3530514e6e18780eef2a533ede703,"2012-10-30 16:04:50"
297,e7485bdd5d3dd0d9437b5d548f120d5e1c774b2fc4016e4bb0642c178758ef033aa04a9d3b1879218c2c78d1fb66019bd5ed0756f2ab0a8b1341e2b12e943c1e,"2012-10-30 16:04:52"
298,b0737addd53b3f9de9657aa297c9b9e85e526ec1d50b2464c3147c77d40acdc0c5d696f2060007dd815c6db4e58cdd54b80bb2b6f1ee938e7d164c61dedb6c0e,"2012-10-30 16:05:13"
299,2537de16dc2e3964e2c1138d3a0e10039c6ca943607cfc385c0e1c64c30df5003f02376f24ec7dcd11ecc00ae61def9bdff13707f84ea220cf458f77daf994d4,"2012-10-30 16:05:25"
300,67dc07f65e5b3ee0ad9315e76437029faafa8139923540c50a397dfd3c5964a7d7601acb4ff6da0ced92099b1e5a66bdd723aaefac12146f41577650bb2e6b92,"2012-10-30 16:05:30"
301,dbaf226b8e532802aa309f7fc0ec070fdf4af1651e259b3def0acb6d5c840c448eb219117720aa8429d8336bc0afde7a60df98286502a5645ff9d3ec3c2d34cf,"2012-10-30 16:05:36"
302,37a76c4b9ce2dd003cebbfb18ac19fe131ad8d613efbebef20f8601175238ac7044d089a7945297e010290d5f4514823f46409f2b5f791fb08fcca9418a66a04,"2012-10-30 16:06:14"
303,75ea39bc8f464a72f7fd9bfdf36269fd07fd3b3d0618a8c4d662e9378f3ed718f0538916bb7550a18804e6fc4bd2076bf8431cf88c15f0bf979aeb7445cbc16e,"2012-10-30 16:06:35"
304,8da971060e840590c7385a24ebab490bf5d7e190890f0aa0736903dbefc8ebd5a4dc5b652f442933370dfb0f3dde76adc4feb53581903d7736d4b73791772214,"2012-10-30 16:07:17"
305,f6efdf6443b9bc329c8a3d84c2afa9c6a3fa0ff7d0bb76febea828efddf805e96256e97da8e867b072212e8c710cd5b285e081be26ac9c3ad631d0654ed210c8,"2012-10-30 16:07:32"
306,223b1c56c29ce6af24c9b254112632424a26c0ab1d7edd9ae408dad14ba73442ad9cf4339ddaf62f094adfd3f42d31cdc84135944ef0828a3306d664b125a8aa,"2012-10-30 16:07:37"
307,b5bdfa66e8dcd5ed92cb1cf0f0a94307223f42508d097bd51657691b39f5a18fe82aac6774ab36085509c81edac0e6bc9b3654f15199b86cda6a1da1768878c6,"2012-10-30 16:09:18"
308,be414d2d5e1c239d4cdebbf32668ebf42956ada9bf537e52dc087bc373a7fbcfff9839d4f8abae41f23137bbf9346e2fc06aad8e3bf35baf79ad67a2333e449e,"2012-10-30 16:09:43"
309,62fcf43b503456b7dfc771eafbf23bcac6dc699e31052262f46eac2b8c5d365d84dab894243b0fbaa0908bcea9720d38f59e4ade67fc82d7c268ca50bf4b3fbf,"2012-10-30 16:11:37"
310,787f409b9e51f751958d441f9f930eaf7bb266614495b518bd87695a6c8946e7c4387c63516ab77b01700fcfad211c6ee0e41916ab190330b8e19c40b2b727d5,"2012-10-30 16:12:37"
311,dde9619779ae4e6bc60b4e9a58d3c977c83e620ddcd9a86a643a0af194bb9f2f6fb442a7ebc980077ed04c22e069e9c4ade689f9e8bc29d27cc2c50768a09ac4,"2012-10-30 16:12:54"
312,6c77bc5299348d86d07e9d4463abfb3cc4fb8346e6e677d9d8098581da74427127f0ee4db80f59a93d68c38024bc1d4afef196d6aa11124f1d0c35e0fcdd8b4c,"2012-10-30 16:13:28"
313,b4d97080d46d0e529938363b5eab826cf1226f1df1583df01dcb4f33d0a6538f758c492a58356ffff473d623cb568e932b1adfc1930688f76fec53499142ce21,"2012-10-30 16:13:40"
314,463b1c03b42aaf2a8d79500c1a28236f104dca10f8f6f72234a3b046910a370293f4a5e246762883c70074f647dde3bcb4c88a6535f766f381b7e60afba15c92,"2012-10-30 16:14:11"
315,3f82cec24db914bfab9a276a00227f21749ca784ea95b736cc79653f61d60dd5248ac0aa207e420064ae9d34c667d078272a9d6287bab0504025f10af52366f8,"2012-10-30 16:14:22"
316,8c1fc7b555b5e718893f9bd03df2a7b76f0010d2b05f4da9f8e3bd568ef0becf86806216b59a4da93e336fbc617e89e127b855fdfac35838dcdf91c398aa700e,"2012-10-30 16:14:37"
317,c798968a2132e266d4ea4ed3ffee5f030afb9092ae2a073e9c1cfa8fea70a1cc3bcc8f7a2362e10e400a058028985e31c7dd9c4f1315bdf2340d41bb2dc73cf6,"2012-10-30 16:14:50"
318,c5e43196a3d85383f338ceea2454248cf363cef26a38253ca9d91cc3ea8c1a6e68565d00e8d36f320e5acb17852a79a97a50cce914b6447b663ee43bf8c0bc81,"2012-10-30 16:17:00"
319,262acda3faf3fc96eef23e3f4a5891b9e0cf5f194b20672367b24195c8f813182b314595e874849f7ef2de65130506d427105e64c38fc38c86249923b7dddaf5,"2012-10-30 16:17:30"
320,095b68abc1fb8a5b7edf06cad61abbdadef54fcdd42d1c944f31215afdaab9cb915a46dbac3d1ad0929cc7f075b885bdd4696fd52a594cdaf8d29bb2b959f005,"2012-10-30 16:18:30"
321,46f2eaa1de084404605d8a286e9552c158d89af78ba22f55a56fd876c2017852659d8c355d01074420c8a53a302484c5a9a56754ca5683e72e72e171ea460fba,"2012-10-30 16:19:05"
322,a53f50b4842f104da3c49f7774fef26c59443997709fe97044781de24aca7ed4767abd2cb8ba0119a52b4de97647b3c8fe0ea1ec640ea98d9e789d07dc38e369,"2012-10-30 16:20:38"
323,4a80b79ed4023ec7100ded0b62b908f9d968e12a4c28b32078756816dd576a51912f42c83b797a581fda6a377ad0de2fcb0841a05d2f1236792b2a2a7b340aef,"2012-10-30 16:21:15"
324,104100a853f311d930591046f44975646269c706363219696ba5a482bbed1188e424191f70fe443f0db4df5f2a401d00976853642d8f110d9c9616ed1514a123,"2012-10-30 16:21:16"
325,288da2a3a890eb6940630e00df0c7d1a0b78c09517af124145f25ca214d079b1f5e4c62a4605eab377d0897b06c33ac094453e47f8e7cb5e43018d576d7129f2,"2012-10-30 16:21:20"
326,978b0695a265a35e6f0e71204e595cf4b0247fa3321431079a40e141595355b7e7b69799c78c5b4ebadb4a593a6d9de7cd4b489dfb7dc8a3cd426dbb79e68a15,"2012-10-30 16:21:31"
327,93098a5169771533b458f37f959420fc76a69a4b14817b1dd9d4e0a82b470d60160dd2e93df429418946fa2a36994e321dae6f5acea0fea503fbf418341e4632,"2012-10-30 16:21:33"
328,77a88ed96f751b86dfe6175e69869f512ed8ecd7f2a58513e045dd29408f653b6250cd875f944d4f00ec2ce59df3fa30d02fea02f04dc63c90f92f96cd38c956,"2012-10-30 16:22:14"
329,8cd9c4dd2e80aa0aea845a55d02a5b6bb68a75800b917e4cbfbf70545b36c5c663e12954186a68ee72efc90f0384b3475bbdac5d4906caa6cfc530f16520f69e,"2012-10-30 16:22:53"
330,e51696033cc450faa1ddb9d2d3f8ef41db0980b5e22d3ebdf142c3ab7929f162a76d39d2586874e2d727080539ba236ef644425ea0ac6fd02afe3db79b58329e,"2012-10-30 16:26:24"
331,b5d3abc825ea71f17f6b87f1aa3a5a2d1e93ee433d421b7a671e6237ba49047fc583aaf9066b4cddad993311c3b1f96673a035683ab2f6df4944e18a0366e84b,"2012-10-30 16:27:29"
332,c149e2a85f917755adcb4d0fe8f78f4ea1118ffeb3e279de26f30849c943fc4a82481bbc010a6a6c85bdc778fd0961270eed29017dfa0599557b069865f2c54a,"2012-10-30 16:28:00"
333,0f8ae1f4dab6fd44c4bb32349e216e084a76df068e07db1162fae4de0beb38bd835df131469de855d3e9561481cf55c25dd2e6a89b53e4475b0411434af5f171,"2012-10-30 16:28:05"
334,3895b550d8d2822e26523ce3157df9b12b1b69a716e23dd3632203565ffa4252004940608525e0596be6d8eede9333a5842ffa5e2d4ab99853c7dd12046ce5a4,"2012-10-30 16:28:10"
335,8482288308873216ce9c2557e53f998e08aaa4f0be40dee912d32a8602d2763c9bd21ad806c29fabbff06f86acfdb39d3841ccaa8ad48127da5661a313c0b01e,"2012-10-30 16:28:24"
336,1ea6b686245c6af442cb0d56b2705a82eec6a718851ee680189cec334a26809af0424a1b3524220186cdc81be7f66a8ccea24716002457b6c963d0387c529073,"2012-10-30 16:29:34"
337,4cfa92f5a25ab54810c172c426aaec754e72e6e0d6fd77b145ce86591d216e096ac91140a0bd8c27e0594d3493d1be77864d399e889aa3de182d3f79fc3d2af8,"2012-10-30 16:30:04"
338,5d2a45f0021671d23cab4f4c4bfd7bb0c60d97d1a288d4bbb34a08bd2ff34eaf5263b9eadc2d9f69b27b273f100fa44deb4e1518a065535ffc24cd7dd9a4f124,"2012-10-30 16:32:56"
339,92614fa2731acd4a61c8b799d9930a0f6e2db85114f473ae7320910f6735d418d14394f930b3e7a9080de5c17653625610d2b2e634db0491ba07fbc260b7073a,"2012-10-30 16:37:01"
340,e930ebea0a246402c0fff72026f1da339f8736535041912e64b3d61ab8a1bea9f00d932bf0162e25012b3fc313470c3d6c7b9e2193689909c4be2926a716c6cb,"2012-10-30 16:37:31"
341,96a2af55ed1bd978dee27711e4ee3e15d798dab6331449715dffabb49f43ca17756ed5ffcc69379015522dc9a6e5442e39fbce46676f556693b8709a90ad368a,"2012-10-30 16:38:13"
342,0c1f661493d6e97df3c9a7c72245a487bf850a179b0bff4fe94330d8721c8bda88c94d068a444b4837b6a46d8e65d76365d303f498ab0f635f57fd5bf005e4d9,"2012-10-30 16:39:48"
343,6fb8c6cd8681f336e532ab5a1d695748cb585b419f541a8b9ca7df99fc3b437573152a4963ff8db02fb86518acb01e05127c30443ceea10fc1414894e6bcc0bc,"2012-10-30 16:40:36"
344,237eecc2cce5916c59ead9f309e97b82600d00b393ae1390f2ee102b5a3b9709cdf06067c722c195bcc236b1ff1546e4020898efaebc92c4da4c76e29795f2e6,"2012-10-30 16:40:41"
345,43139d7997f71185bce11cb1837351d78c629b09de74cc5a46a3a1b72b88d5c13dd41c8b4d93b9b7c69058745c930590d4834b30e35f9133ef77a3cc3108167d,"2012-10-30 16:41:29"
346,decc934aadd735c02f119055aded1f3acd67873faf3c278cdbfc0ff04f2485e6120954a0fdecf9d6da49b3ac3749b8da104ba3fcd95042746d996f578dafd154,"2012-10-30 16:41:30"
347,2671aa3412367ce2100709c71dee24e9e9e83901f23f272d1f29b83bc8cd3c1033049a2b4f2904e2d4ee31dad48d9f0e2a9b167b7eb5c7ed31dbce0172ae736c,"2012-10-30 16:44:23"
348,de448ac61094597a1f9e2ed360556bf160f4e131fdd5226cca0e958a75801a109bd0893720c07c6ff4df989958751e8c374624a030952c58a7224635b17549af,"2012-10-30 16:44:28"
349,ec833fac37afdf8eb8ca36a74ecfa7ce7ce1d10be64edab96bfc8089c5929e8cf8d4e6c7b48ed213c1bd3fdeb9e1277040dcc87609aa3472ac93b20cff06acf5,"2012-10-30 16:44:32"
350,83cef2b56b8102b62d367ed3ff2f491cf5b642aa8816e16547fb9fb621ad4bc77fc074aa143ccad6ce4401df4c98a949fd6fd31e81bcc3fcb8671c16c4c9c2ea,"2012-10-30 16:45:35"
351,e93bc21db9b8417644c1ecf1b4901622be6f8ccbaf4865f9cbb657612a40b47450d4efc931413b5474005619fa0e03206940a9da6804387a09fe5be9bd0bcbe6,"2012-10-30 16:45:40"
352,89c054805d8dfdb46d12f96c59a2359561b9e1dac2b26a7b4bbec9cde14fa622ad6b12db970684c9bb70e5d4d416246456fd2c79417734ebde4f0e3781666181,"2012-10-30 16:46:47"
353,359aa2caa45ab06699f3c8b13f814d289eecdd99fb89d0e08966048508574027cf7eb3b37c7b5b7078fd869c93f8dc83a4a1285cda9cec414f09db0a642defc5,"2012-10-30 16:47:34"
354,843f70bdef6f6bfbe1f87348d87aefa9b3c4f9394dc91d95effc6b7da1ced6aa2196eb20802988321b6e4389eb16ca7494be532d741129358d80175eddc4d57d,"2012-10-30 16:48:05"
355,c308106f34ac253cbb3b55a591d8d3a690a68a57ae216fe9526e166589b90157fb22888231251b25b72771e40de5e7d227fadec486678841cdeba77f37e2d32a,"2012-10-30 16:49:26"
356,9e0e4e7933dc6a764c0b2ac00ea398ec35d7efa12f824ff370cbb2ccf07f22576bc7c308d084857d3a76d2be3a328aa0ba4af83f587bd708ecc9b782065627a9,"2012-10-30 16:49:57"
357,d7b3a4d5efd3548f1854b571bb331d73611b6fcc4ffcd84d9d26ae7bd0d1ec387c4f56045218e67d9881d53a419b41001595479a9b88379729404962d4da94a2,"2012-10-30 16:53:49"
358,5fa2bdebb9053c959f20985b7302aab3fe41ea75411ed70a47eaaa64ace4143b5c5491f47bdeedf1acdb1dd18f27da997322392fc8a218c25bc316238fef41f9,"2012-10-30 16:55:23"
359,f4eb949d6e978fc3ac46b1340ecdc162798747ac7a7345a0a98a6b337885b0d03880f4154767594579e2af8f56b34b726be351966c8ae5ceb37603971960097a,"2012-10-30 16:55:25"
360,76a8ab9b381dcd978283b556756ff0a874b7a0b6b6f7b0ecb2ded15b9a6ebae0cd51f9c1a295fa3ef8b22b9a50a21466e63f4c99c3bdf4b6545d260f04c6b508,"2012-10-30 16:55:49"
361,c02c1b1eb1b405ddf4b7f867947eb8d6651beec2abf7e87f4fc1da9c5b48248a079672d8b3e5da4cb95001127f62a3ce445e898633bf08839f5d9a182764d001,"2012-10-30 16:55:59"
362,bc7f05450f41dda33d716ba4beec161e813f2c3da5de7a0cb2eae8301fe70a5b226b6ab1c82cc7bb8188598d7c6907195a2bf8b2c5dfbaf5167ef34841025488,"2012-10-30 16:56:58"
363,a628e74e70ecb93f58de9952c55436630d135d2eea5f85d984d0bca99388faf99dfb4c5abb909dcedeaf48e9b1f3221726299861582b56859bf578ab14926b6d,"2012-10-30 16:59:14"
364,9c2be3da29185110e7267c512b60a8dea3f2f3db5da656eb8713be4d27303a2242a44b584baeb279c195ac9f12d8702631a23cfe6c9028f412828c2c2d2b25ec,"2012-10-30 17:03:24"
365,cab1114dfb9e81cdad033bba03bc6ef8ea441a014059fbea0817e35a86b393ce3f95f91f6d979bba67757a931f7ed0adc2d40836f4aa6d27d436b2e952b65224,"2012-10-30 17:05:57"
366,3b998e741896acbf2715d859ec86bbce61c99ed5e2ccab5e58eea9c7759ae0f4d982b6a4ffac4210d778f1172a2094c45dcf22b1cc7761f1d985d8f8e5c8dbb6,"2012-10-30 17:12:23"
367,5c228f0ab178fc5c54090c6dfca81fd9a9d133ab7cc94b8f951d526ab544ddb8366302c4c9c1601e6524c07e4b459ebb981b6c38d5d4ae3a85d70618d0a2264f,"2012-10-30 17:21:17"
368,856c11fd8677820094977b948f04cdae6f44a989978dacbbee99c751cf7d6e39f9df785fbe61a44cd010476612eb104f5c66a456be0e1bc89746203c8f608423,"2012-10-30 17:32:27"
369,802507ff4a5ff3ed9458d93c03b1720967b5f129f2814d85239e22a286c98de12f4c0268a0ef839a3894c0560e32f22a8be1e6f8d110f0227af1f7d1bbea6546,"2012-10-30 18:34:09"
370,31f8703bc2f6abb63ebed7dd25d782b5d33b32ddca04db25833952200ba18290204fde72a1f6fa25d3a598a16b708cd98d9d1134f2d3489a06b145fa8b65098a,"2012-10-30 19:30:15"
371,4a680a53504d137cf4baccbc3f17a982f0ad1ce805758721247f0c5311eadab23c492a2fe5e628e656fcb9d8c3253dd0920ac1a96894b0ea0ad42d57122a83dc,"2012-10-30 21:38:40"
372,51349c3bd02e049061f540cfe4c9f6d1fb156af7fdce19dd8975ede5ff5c5cbbde104971342f9cdf2de36cc68b0a32a5905b10f58277e4959274ef920683b0f0,"2012-10-31 08:39:53"
373,de757842687b677c7fc8d145bd0fbfbfbacc5cc289ee0bdd321577a72d9d6f494fe5e7388d388f73b3cb512ea2876d662c849a4108bef9ab8700bde9ba065339,"2012-10-31 08:58:33"
374,f5d66d308fe955a2062158dbfe9d80444fad34a0b61cb69c77d236b1b19df081ca35005ee5df9be8f0a53cc3e821f2fdd4cb89466fc4caf1df2ef08d56ef57b1,"2012-10-31 09:05:25"
375,a1dc5672092abc23a18d25fb3ba37db87067fcbff4a5e94411e2b78ff2caf9b7e12e786619510b50d954d38fa7a1010f85b0b04f153e7138933313e307942549,"2012-10-31 09:05:32"
376,ff93254d45e284407fe3d25718a3e8498fb8803bff44a1459d220c6372d19b2602dfd6f634e74934a381e7b9a4e1c6d5d8f9fb35914623cf26ee5d3db5a7fcc6,"2012-10-31 09:05:35"
377,b2c82e5f3fb34cec6d0643cab3fae746b27a551679e57f82177e5ce361169f4a8afe5b3b78aa482536218a8ecb535779c707abcd135e59a7a4d1e90e30c5d35e,"2012-10-31 09:05:36"
378,78b76fcac3d30b3ab1f29681d8b88d67d8f58be437d9dc9b36e4c326e33e4c8c6060f835afe7ce1d64826468e5942dde735406fb0808574b3059dc7490b0096e,"2012-10-31 09:05:48"
379,e4b30fae8f4bc21ce8557f1056b278ee488ff6a3660133eb67416f4652729dbf065bb91d5ae6f8349817e3764c4de6b3ee24dd582e7bfb6bd92ca77597f0db9a,"2012-10-31 09:06:07"
380,18921d68d3bca6bbf12f78299ad26b2a3ff91ccaf62692b955fafa78fe9f4a305f097752c364a77cd95d8c4e25b57b040451f12026a96f0d73d59aaa55c39bc6,"2012-10-31 09:07:03"
381,4e25dfccc762579af79df3e210b8ad47c4bab84ec6e9f164e50777361d92cf5ea0fa900132d9d30c126e8cd7466053084a05a6c385fff8f2cac49aec55694083,"2012-10-31 09:13:11"
382,d69ee5098d1f02561126ab5b8a57c21037aa926073d5d453bb9899e41f5a7551fdf912233e04319adecef77d0ab74a908adc2422527c210794ef65f548d96044,"2012-10-31 09:51:34"
383,3cad6ebacd2ad13e9e2ae15e39f477d0ed90da8465aa978a377e77d371f44f3ed554ba7651b1d1ab7a1385324587a35b0922fb0871f55d36ab9882f6e8e9669b,"2012-10-31 09:51:35"
384,1d144af5bf41e05d2e9e56df0aae91adf1b331b0178804edd094e8ae20b06130f109f9b0963eda3f5d3bb815135db7b51da1d62cd1c3e14fbfb9b30309ecd424,"2012-10-31 09:51:37"
385,43a1448aed620ea8fb167e7e8accfd7e7c4c6387d0284ffa6057dd6a5aec7b15db7b82c697c52d4b509976b700293179834589bee68c0183d40ac891a72d8530,"2012-10-31 09:51:38"
386,0fb7b2affded78a15843b9d72c0bbc1d3855d324bab7a3ddfc320626929e439503dbcd965be39151ffba18c15f85fb9dfdb29a45668fea14506d21ad3f41084e,"2012-10-31 09:51:41"
387,dfd7ed4492c0856da6369a5f29767126cdc089917748d868a5eb14b721769f9d3f4f9c65e241ba6dfee67b4551bf6d8c43d1baf6aeea7f9e3b27a7019931d280,"2012-10-31 09:51:42"
388,8e1b493e070e0628b06e96f469bc761d16514ac8c83a3c6114c1e05873b7f3bc704bc02a0a25607948945727afcd7b2d90895532c6e6a9d4f3b0b17be84d727f,"2012-10-31 09:51:46"
389,bc599eded423279fc6b4b511f9a4d0269865695f73c3d76b643e56da307d2596ee6479a8d01274a905b6301581ccf664bb7ac851c369b7a8d4778fe3b635d75b,"2012-10-31 09:51:52"
390,b8f9d50219cec885ceec67ffd7ccf81e4801a9d016cd5a27172fef95208ec353276f20611e1ac6df967277c9d812163a0061c8f9188377ee69171e1b37cde08c,"2012-10-31 09:51:52"
391,567bd052df8d4107d87cca2b36a4c72cc3af71d30fa67de13ae948f1dc4a684cc6b1ed1eae513264a64acc7e2e1b9bb4a91cdd146c8f9dd0b6bbc2d7f5bbe975,"2012-10-31 09:51:54"
392,b14d2be2e079a30407e4ae18fd412d8b1533b650517058c917da39f5bbf95617457fdabde9264fa3d4cd007269dcc35dc66ecd58ab05f959b9e7e77ed637d0e5,"2012-10-31 09:51:59"
393,f53ac5518096d9726e3c3e42c67324d34ad2253fec021ca1afde58a508ecbb127626c9d22b9c807a8dd4661f6feca087c2e447b045eb4ffe3fcf32df2423fffd,"2012-10-31 09:52:01"
394,691be26b67e0709766f5a63bda2947401299a4ed6bb752b260b1c5c28994b91f774d9f57b27c4a1815870b422316186e58919ed160f861eea70a1b4f4be64b5a,"2012-10-31 09:52:05"
395,bbfaadf4ca618fee0735c2626feb1c3014dba4a14bfdbd540a867946dd1de2c53797844f57ca9901733601587f55e91f758b8d5bf52d9423c9a340cc4ddd9663,"2012-10-31 09:52:07"
396,34207cb0453191a3e3a59cbddd65c2204d0827d1d33e671a144f7b0a15d363778390bc89040672fc603cbccaba4d338176a56c709fc70676424ac66f34534764,"2012-10-31 09:52:13"
397,3dff931b93134e33f918225fc62ddbc6490e9b073fdb2fd70849252ae7ba86880ab51b58cb49479ec7e3e9bf38d7eab8bb95d178cbde00f5f8a08973be03f24c,"2012-10-31 09:52:58"
398,c6fba4836c8625c7baba7b8688935e531544fca0944e8700531a5b928fd5bf41631dd4df6f962417be8ac41ac78e3e23a31d8aa52fb4e07def28b3e1691a5205,"2012-10-31 09:53:06"
399,61432a4ec0d7c14a1886c53ddb87977e91d42aa076ff062129c1cff5ede74247f0218a735728848a1ccea6400e98d1b4f1a49b56c8e53cef7e2b0d393914031c,"2012-10-31 09:53:21"
400,f8e9bab51bd4d226519815fe2b83f5ffc8e3c93855b60510a7fd4fe6a44a8304e939db174c660e5b6c94307e16af3ad53fb603016f55240a33d43994793043da,"2012-10-31 09:54:42"
401,162d9ffa33448f2eaecb9eb7230689763a61dc56b23da974ebad67255743b779372a6b3098c01153482ac1e20db8d1fae5ca7a0ee2919c693a264afb58c4efa3,"2012-10-31 09:54:46"
402,db65e40af08fb21bd10e883692df98e49b758ff8e0f580fac302e4202ebd62bc45fad1c0820421267450a0a44eb5c26f321332bfe6281339f5bf919102b348c0,"2012-10-31 09:54:51"
403,7154214f43efbe3b3f7bf497c819acb52013385d1e7cfe8215c490060df402d7e8b6363e8cd1bbae07f00b9858e7d85ba240eb4791fdbb5e1aa25c3b5ea0b839,"2012-10-31 09:55:22"
404,3bbf31c6caf10110dcc74b546259dcb9056a2e6903c55191ee74e6f7eced8155d760160d16715a0269ee0b83ae14365313eeeeb0a54ec5bb251de23a644184a5,"2012-10-31 09:56:04"
405,d91cb325f7ac85e38b97c7557b81c9980b2dac87ee84effccc66826f3f42a67767a580ec6686d5c12c108cd6331ec9dbfdec51e1e2c45342945ac812ebe7a7bd,"2012-10-31 09:56:18"
406,1381f8fa46048f3b579978a5f49d973f218caf76f5587ca5a67f4d6adf5f0892bd962d3be4d84d6dbf99338252faeb486526b18b20444b26add60bd9d13679df,"2012-10-31 09:57:08"
407,ba54f52a5dd3764b6db2dc2af751e7c3c5080a45d4939f0e5cd77d1c51b5eecb483976a63cf7258324bbbc7a1f99ab62b39f099c639be7f950a4d6c09b4b00a8,"2012-10-31 09:57:55"
408,77df03fff52f44e6b7bccc4ea0b5d62e339d71d4f1551da51f2f74f9f7490e34e133f924ae30b1c9d449d40fb9d7a6a5fdffaf271c4023dbae85bb0d6d705c60,"2012-10-31 09:57:56"
409,38b98407401c2aeb02e2d193e714d958c02d598a12d5d86a966addbd5be9183b7cd4dba11ca1401251341cb83b0c625a001ed63a706a7420cabbc1fd5ba9f37f,"2012-10-31 09:58:44"
410,e95b1fcc8906aca2cf41dfc9e330b048e76288f56a4fd8dffbcf9f34d980c4f7353939a9cbff87bb28c18043319558bc06a66f0a2ce2c0258fcb2908df3e73e4,"2012-10-31 09:58:55"
411,eb4176dcf78241f6c5fc50304e9b1e980cbeb6612ca9c61254bd11c51fc41208e4c376a5664f029e76d567087fbc4a4a560ee88bb2befc992dec347ef1a310c7,"2012-10-31 09:59:44"
412,f410a52add10187395294771d139a17a203af1e05682cc90ba7fa9797e102edb5cfaf549ab9a383a97cb39ff0aac03ebd1b6801e6e27957ab8d21c633bc60df5,"2012-10-31 10:03:18"
413,85d6199418bdd9629dd6a9d6bb1fefb97e92960f953cebcccd1537e07453cb5fe2edc798afc97c91196e658e091976b436371493b96ab2681888badc695d8c2b,"2012-10-31 10:03:34"
414,b8985d6f430871f25538e5b9477c377fb688826fa206a0a6168c518b43dc5ca470cc0f75fd3af156c5abe8b5acdda70dda6c0c11c26d6a163b86de89f8a435a5,"2012-10-31 10:03:40"
415,ce1891d81c446d47094931bdabfb9f16ad38ea8a8f3f27248b5f7d7b779ae4bd4ab00a4b389615f86af58309aa12b1f5bfe7e68535c133afd3efd15b1e998f61,"2012-10-31 10:06:11"
416,38a7b3e359ff529f007bca8931fb6a537171318c52d135e0fab6708517b3f9ae37eb3cf0b4c48773d6fa07a658edb77e02d08ca9a6566817ed48600b1b903db7,"2012-10-31 10:06:21"
417,e1f194b1b2c8eed6a45263688a3abdcf4ce944ade4f090383f97139ff1b0e29c36a9061616d63100a1cbab1f668fd01ef6515162844b1379adade185052ca365,"2012-10-31 10:08:17"
418,9ebdf270d543d9bf75ec835b3c1c8c704e41cf4ed83ed0cc6eda9c6d50f7c1bb64bd4b72b8cad4339d007c5e664738fb60d5628c829b1d0e3ec0defad704377c,"2012-10-31 10:09:11"
419,5a2fa4b9e2f830a1340d42b2ee2e654203caadfb1524b9d3a801354923403efd91366cc64905b73a745e4c70f01491cb33c9c79624e03d29370fc89b8c822dc5,"2012-10-31 10:11:01"
420,72cd88987be2cb458b33da9e50c2c2b712464abe4a28e64d034a2a4662c5d16463d07875fdc69523872139faa86b42eb7f460bd8e615117883b5fb36381ebc93,"2012-10-31 10:12:37"
421,274a95ec47afbf37b38f9d99d595fd3af8da21ffb3b1c6bf237e6a241b18bf2ab2f7da848f7d3f4a6d5724d379e01c5ba31e6f11e884363ae225b91877ae35fd,"2012-10-31 10:14:00"
422,e580f7f719028e318ec35051c6e090d9161c22a946b79a4f7ba7e95acb3d1e1e201f68eaed991ec2c172393c2c4fa41d7e210fd4eac62ce063781eee05d931fc,"2012-10-31 10:14:05"
423,07abf14c3580e6efa35bbc3efd754416d329eb9ebf9dab06dd8170c64f328507e3caddbbecbce8666e23486c2863e46c6ec3e6f656a8705bb063d98071107746,"2012-10-31 10:15:28"
424,7ca9c1f11dcf79b28f8ec9a71824fc8ee8acc04f14c82ceb99075bf3f6c0c0dc804cf333ddab7e7509b06e5ffcb6417d2175e3acdfa1ac1d99bbf0cb86c5948d,"2012-10-31 10:16:05"
425,6b86efb2a16bef047160a8427e12300ef8b5f4c599faa2e338d82299b6d31cc3382a4d3bf621bb516a8894fed14d77bfda55790a5c30c25ab75c684459b37afa,"2012-10-31 10:18:34"
426,5ed7c7b26ad6e07eb67f994425a566543e9290094f3be8aa93d0df6a710f5159406e5b214d5145553da801eca8fe2cbacfe78d288994114b8ef446cf275a8c96,"2012-10-31 10:19:43"
427,b3aa97c4e74ad3b0e05a273f387115196a122fa738907c06602670eefc8e540ea541b85f045ea8c3d4140cb50f697195f15c42c82e9fcbaf01f43daf3e510cef,"2012-10-31 10:19:57"
428,cec01eb38e6566e74efafff06cc8021b13e1ce956d95fb38db80f11199db98d6eb2e77b0437c4dbf530e2a04d1b3341df9d5b4e991d6fc1340bd1743dc521aa0,"2012-10-31 10:21:04"
429,6d5185668300f5ba94a912fa96870065bb51f1bae003494f2c79bdab4f281e16cbb9e2b180337f4672c0434e038226ed8ee194a9224995ea7439c4f7a7fcf2c4,"2012-10-31 10:22:21"
430,d73c6d308246af819e0b4b5f949458f08ab990720a95da0d8eaf0380379786aab87935a496ea2c603e277897eac204f9017779112e6e1b7c9f7149257cc779bc,"2012-10-31 10:22:26"
431,b59e0cbfe042f61a4015a02657ca5acfea87ef4608cfd10f0402bd274ee39f3971d52c4e92373e74cd41e3cefc300e218d80c3771cace8e589968254fae03767,"2012-10-31 10:24:33"
432,db434abfc587b1025daf4e7401c5dc199c083e3d7eefcef4e0c017f13d441a61696172d099bafbcbe0331db86de978060bebca747db1e75e535ee4ed0cc24643,"2012-10-31 10:25:23"
433,869036151f10e3c1b32678ea5d0edd2e81d5db365d417640cd9cf79588d32bd8ea0c99902d9da01105d09699a085122734ac213077c1dd3f81593304ad91b756,"2012-10-31 10:25:37"
434,62254dd867bbbe4da766e9c4e6a71928f6697c4e196a963687e38e9493f0a62d6932dd2eff763b9c20214998cfcac84334afebf3999a2fb3550caffe1372f700,"2012-10-31 10:25:41"
435,c7f62ab33fa9d6dc52e3a6ffccc5ecaba0368f994e585ed1d16dbfc9fd3d876cbad78a73de906182219e7a560c1eeb66be9978cfda5e1b6f41d094d988325994,"2012-10-31 10:26:42"
436,dc5fd8d096e3490f49eb31c554082f4e5fc35cb27bb78d8105b0e831723179b8f87120cbdf84166679a157b0247bea0ec947c42344ac8106ae80338227514d1b,"2012-10-31 10:27:36"
437,4e09f18b683cd28bcd53fd911c7e7e4fdae8ef142bb3628986f83d776e05ea14cba42ae671bfb70b881519f2f8b43d82c5a5b586f265fb3df7f07055b205e450,"2012-10-31 10:32:23"
438,6f39756a1abfd1d2491b1fd22364b9d88e55ae562be0cd5da8a5119aedf5de2a81a1f109d8570ce9faaf62b066c79a2d2276480b1c15bf7f088036efadef1361,"2012-10-31 10:32:39"
439,b2ea37947312c5b5b965ccc6b2415e6f17fbbcf96d8cdf69cd5e647a6e6f327f361faefd4dbee6dec66bde89b9c23c9cf200be15dcc62f6c11c38b8ab4150a44,"2012-10-31 10:36:26"
440,50d7d93f3d4ed79f810d3a486f5fa8556c7f46fe77d0fe93cf56dc6eb282e841a8473838f3e0ab8002a396772646ee7db54c7da8eeb6048ab13dbe157a49f704,"2012-10-31 10:37:35"
441,7c84023c14464922faadd1c75bb6ab99a6fc75e6cf8ac303d75f856aeb413691481c1a3a1df6fabfa12bc3c61f5b471efac75e634e2cda70685d9485f67baa26,"2012-10-31 10:38:14"
442,f1d8bc974011570f73bf41e47e4b8f8f3b0b2cffe59a4e98ec142e235e6f1ed567a07397f8de6d468aaadcc2a48d2ad12ab24ea6b990499a3cec9fe30a9dab03,"2012-10-31 10:38:48"
443,2437897bd0236e511eaab55469c46bd574843ceff95ea42f0ce6281132a0f3be3f83d2d0808f04f16794b83bbd6d741c37728424139dac9ecea7e9aa4c0a570c,"2012-10-31 10:47:39"
444,fbbfdef634ff0a82926c42d156b6acb87ab12aa1da3c25eb4d691904e66304f94505b2b5f11ba7270305c4ca8601825e074643f2db1e1bdc9acffd4f10dd6fb4,"2012-10-31 10:50:21"
445,59cd0a06d7b479833acb9dcc56c9bc9898cffe313402ccc59ad4d413cf2ff4d752ad044d5bb12ac86e2a7e2c37f902a2c008cc58eef03d064ba46b27b4da2d02,"2012-10-31 10:57:43"
446,b5c317fd219e1b135f0cd132dfb9b0671ec9bdd95398369f9961da8730723a8d873ae38832aa9e9ad565d84587cebb1ac99bef94ab3f0f17d5bef17a18f97d4b,"2012-10-31 10:59:10"
447,617dbb9cde837341fed675068e0001ed0ddb09a0929fbf8aafc023a741684ccb9da220e4c0a6dff49ec04306eb757bca93a9e35c1a7e538f90ba2090fb8d1292,"2012-10-31 11:00:21"
448,eff67e935cef693e5760076b0d4e13e1d29c6b6483fb4c70fb30e63eda2afb365f5a866e0c22b1bdec39d13f3a473af648f53cdd7c0b2ff960018697f03b3203,"2012-10-31 11:00:55"
449,b8672883f81acf718ac358f57c49bbf763f7c74305fff8221a16b5533c46f72c6912a570be5a4be7e38d956ca5fa2da74c56bae8aa40888671b0101ef9c4a8de,"2012-10-31 11:02:40"
450,23ba3a2178d649bea2d8b8c7b3e6ae895fff26fc311f064b91164d5529209f1cbb81dc48b8264711e6bc7e4b91cb3c7937f94330cda14054d991c41bdfac6f87,"2012-11-05 11:38:44"
451,6278ecbdf9901a0267c5763f945a0595fd6e61f07a3dcdbfa472fcd70193516f6d35233b21b55be17f23249c86a8e2134866e14b4aaa011d050e0f30ae704c3f,"2012-11-05 11:42:13"
452,f14ebe76aae08db4b0663b54344d05a7139a812cd4d8f0004d78f8d27356c2393d51f61afadcaa0326ba0314c3a0e9c4789c64a8cc8e2207a5ea5c35a6381d82,"2012-11-05 12:11:35"
453,49d6640c452998646d1f5b187888110b9fdb9366375540729954734e7a008c0ff6a391e04c7d5426583a92fab054db6913b57bc9654b275dcaf53639c1bb6c37,"2012-11-05 12:13:25"
454,abeae63cef6decc4846e8cb0eedc00d3415a4eddbfd59e7d0de13f58c87490a8b937710792da9000f35d927bc9c2e1e8fa2ddf93eccc83286a905af182e25444,"2012-11-06 15:47:46"
455,f2f24b4016312c3b08058c66a6692d258327685f8b3d9130c5462c2d9c7bf470fa93f2f262c109e424504c4047a2c12fb4b50af4d3a7e492f7b3d677726422b5,"2012-11-06 15:47:56"
456,33c6434947aed77e39a526e819f49068d08217cefc48adfda802701f71f6ee863d7111295f6a8ca12350e3b7af7952bbc736a1eeebacd35e29a015b45a2bbb41,"2012-11-06 15:48:12"
457,33b121657e5e54064090544dc7c34e70ef4bb8c412d9d1c19a609871cc2d12c99158e6ad4070ea350e319c5bc0d7910b1ec80fde75d718e1be75e74debf56c02,"2012-11-06 15:48:17"
458,46a02b92c3c0cabba9fb0943e631eea6409e77847ce63efe4e1cb96e12574fce162377ca9de3b851ca3c70446f073da50e2a57b1d77241bf09ffca34c849dc2e,"2012-11-06 15:48:33"
459,a516c8cb67f0921294dd1fa5773e9fd0c02081647f2b3ced47c7261b2a4308970a8131dca1d676ba8a0c6e80e969abc6fd19205688c829690d94d04b2bfab8cc,"2012-11-06 15:48:40"
460,8f28a4e8c99ac16ce1b677f7e826e920d85036a0fe3eb3b301e1aae61db3fdc02fcbd8331e279d5029add542e30f2a200c5a0914d5e1160486e7ba491c68fc72,"2012-11-06 15:48:48"
461,459d7d40c565def514e5d2d69638488deb541f92dab18551babea423facaf0cb1287767ead0787eec80694a237a068bd7e2f94158572de546c9d5622a64979ab,"2012-11-06 15:48:52"
462,ce0fbacf3131c3641c9451a863a98803bdb3885d3522865b3d39ae6ac94631c006dbfc404b7391649858ee877cc110d4396178075c7a22d79eddb60febc771ab,"2012-11-06 15:48:54"
463,4124fcf808edc0e7a692cbc736c70df4f47e7ef81b757b660dfd71ef6771855a5abe4e77e53a23b721ac7f68a6ac25d4a19aa85610a8e96c3f3c7b8b6092dee2,"2012-11-06 15:49:01"
464,a6bb3a5e72558e2346fd78773cb22107e82decdb45eaff90dc0b03f7957ae271cca3019aadea9637baf8dd349998ab9ff20ec9deb522f39c9dd5b3eb2b95155e,"2012-11-06 15:49:26"
465,b3f762c9d89380998fc1f8733d31a50a969d7ca2675f01af9b761c4de146646e53dcf4d2e9642ef95cdabb33221095f1347fdb6867442a958d17d99ca8741e53,"2012-11-06 15:50:08"
466,86f14e1e5bd3e3fd9a2b6e05a9778f80e5076ff40f5015aac664d63f95d0a04ba76a64632028c00289c0f3387650d633e2f21a6fcd7d61e9dae2ed281fc19106,"2012-11-06 15:50:33"
467,d5b2909e10e9d6b76fcf0d8ffc3ae2d4f8581e387ccf914ff33893dae3236d2d5d0a69ac18a67ec16c8355cf0ed7978da23dbed2353969a6c1e31c95caee5897,"2012-11-06 15:50:33"
468,f892709448c6fac7064fd5c0a47de6cc0420f7f49219a04f4ab172931a00bedc9bd5e2ee570d45e0843ece8656d11e00fb5284cf16103d49410353d566b1ddb3,"2012-11-06 15:51:23"
469,db8fe9a380e9aec0b2e861711c410fe97312c030f42ccafde6fd3fd995329c542678aac72efe5196d63c299d8060bd5e559254e2ea9bc94e00d7d9bcfe8aefe1,"2012-11-06 15:51:51"
470,644311526869ad85dc24d8fe67820888d27897ecc635a9a4eae02f6f8fabd29e193aa4ef4f400e4575b4e1e1cdf5e6b03b2deb2d3f599dd515eed2bc96329a22,"2012-11-06 15:52:38"
471,4100770716152cbcada341afc62cc641eb68aac5246134d5c3099b2af735cd1aea6ca6ce8fed86b4ec98455ce260241eeb5dce070a9125b4e84fc65ee2219692,"2012-11-06 15:53:26"
472,1aa96f4607beb110ea2fa9a4aec8fd1d097aee4af0cff821810b9ac14bee6399b960241195970f55fda9679caf952a7893fc3afbf97192dd16f72af9973e0d18,"2012-11-06 15:53:38"
473,672a66f40ba74fc9a6039f4a8ff4735db9416233a7bda326b50526053985c0c5ff7a62a391259a2b7539d1400c3aef19fe049737644d6158dd2db5f580008f92,"2012-11-06 15:54:09"
474,893636aced1c38745582332d37a8722267bfeaeecd59d6a739c7be2eec2156edd324cdcd2ac0088922405aeb7bcb131561058a3367a78e2eeb5d2a576611caef,"2012-11-06 15:55:07"
475,f153d4bd79c01319edb45ef8f3280ba5bcaf88b3c408fa093b8bceeaf2f82b2e948c3cfad2b155b9fff029c3c0b8ce540340855f0db001b1a52eb383943c8cad,"2012-11-06 15:55:48"
476,cf56117a24f18d55280502044c01da02223dc90d949c079491157f7035bcb5565df12614949451e97b79787594cf4922eb7090e3191243bae8e5b1f48fba838f,"2012-11-06 15:56:34"
477,4914f4c504ffcd3e8a5515778180cd8f6ec97e6e68c32701f09b56332891db0b997182c0b538b605b0c16cea26591dd569856ec8a344ce98302d21100da68951,"2012-11-06 15:56:50"
478,c0ed36d542013338bc2b8f24fb304782dd0fb6a4a56e6ef946901c43d0dd1a2210f9cab2885271fe3c58a8ac3a52713dd080f1ae92c2fe71fc4d468803392349,"2012-11-06 15:56:51"
479,d693e8cb6740405848f4fc27f6d174f9db2f3e7cd29e08b2c332d6711408f401fd744c8fb2ecb4b3663bd56b6bc1d690ce40d2fbbc45d4d5aa994b2c64ba5525,"2012-11-06 15:57:41"
480,9ee87ab7093279826b8a6024767a21f04db9b65621c9cb12af4ff2790cda577f0cd3c6ed2b4551edf62bc955a27d7489f2221592837561ccd0a0d56b9824765c,"2012-11-06 15:58:00"
481,49341cda89c9e54d04f728b58c663e67b849651f3148562643b6f31aa7b9de926e9675dd18a627b7537ee5f41116ebef0ef2bfae821865421aa30efbb67e0801,"2012-11-06 15:59:48"
482,c86acc998810a874e30d05e2b3382020ab8262a7114387d3cde95e7cfbd7954dfadfaf261f9d9bf214bfa0b16ab742fd9253eecb7ce562ba66ef1538b4d1cc8c,"2012-11-06 16:00:04"
483,9c599acc4c095b5b953e4494cf1fd6ed123fbb5ba73dba5a76f70db4b43f50c4763533314d091a0d1925459377348da4e4b8c99af631bbe141c484c609db4e86,"2012-11-06 16:00:10"
484,5a7502f7630c07e51ca1a1bb1866bb3b392b91cfcd8d5da42a81fe4c7dbd714500aba6cd67a4b4eda7ce03df6cabb04ceb5bf8e9a228f6e71ba80eb060dd59a6,"2012-11-06 16:00:20"
485,71e2eb1a2dcd3253675569b0854d1dfc6faa3e871897e61f4f80227d1c82a9ee10e08df710360e0b94199ba014808f37c5288e9b18632d055d30f0844b839a63,"2012-11-06 16:01:34"
486,01997cc4ff551031350c3dccddf68ca219dd121d78d6a654d269f4454a3a796783f73fc3e186308028557db50deae7ebab688c6cf3dce73a5e0db4d24c454c5f,"2012-11-06 16:01:45"
487,7fb28250bd3e117b44eb98836cfd93fd0fa9f4a711dd2c9d9b25fa05837adc90f7100443e62d90876094283b63a00270ae4c867b2ad1b4c07aae154d731c5913,"2012-11-06 16:04:25"
488,0ae603abd460724aed87bf23aee4c43ae42a6b41e21198e6a444da213275197c2e4fa746c1fe0b11c35ca6f18f0b45d21be7f777409b762a57fc3089145cfe6d,"2012-11-06 16:05:53"
489,679d0cba6a1d83641a091564e42c2b84f4a43a1c9e8b62de83d0713b0087fd84f6813c42bbeaf9b3a099fafbb945675635db2c0392464413575368b184b5528e,"2012-11-06 16:07:12"
490,849909db33c55925092ec6ba9f1db58923b0ce537ababa78fbbb6713f90d153a73766593da0f17333ac3f88988da8c764427121240ffffbea313b287c9782860,"2012-11-06 16:07:52"
491,0dfcd0efa1b6156b729a818203641ef395958bb59e99ecfd8ec42418955820455ef0607bf29cd2ce7058b10e0154c3e493abd77b322ca7d993d8c85d342911b8,"2012-11-06 16:09:41"
492,e64a07eff3e83d50ecf0716441e4aa635dab1bef2aaef15d8a51e6bbdb4d721d69f27e68887f589c14d2db9a19374249fb5891dacdc3184bd13c3840ddadab18,"2012-11-06 16:09:44"
493,7fe0f6abe758641f0b0379a2e4e1a01fa1c752b180141a8570ee899270237ce4eb97384f4551a4aa0a29e4418e5a99de17b779e11274d180355822b6797256cf,"2012-11-06 16:11:55"
494,960d752f08ae9025ae537e227b7934eecf61d16983d04824faebec963cc511ecb5a59d51b1f2fc1343cd11dd6ae79932832936801d06f04474d075f5124aa74f,"2012-11-06 16:14:27"
495,8c4d1ffec3c641f048f08fd9d776aea07d73852ba1bbb1c0d3a54d30a29124c68f3d299bdbbab5216c6ba9be3bd81814fdd8f9b0a907d9148a800311fd9c638f,"2012-11-06 16:15:39"
496,5ee10148c837bf27baa7d66aace1c92a37c71ac3b2a8f3d51936cba520341efac22d8bcebbdc8118e09ce8b9e8456db20b14dccf1b14a27a0f480db3d7fbd145,"2012-11-06 16:16:40"
497,91c831b841f4fb5ee384ea89c73759a3326655e2e3f330a53b6406009a5d125ca1dc2f6fb90102c33961eeecb5bf3ae100b8a6a536eec90c7fda882411c93328,"2012-11-06 16:17:20"
498,615af0fed5b9ec0dee9e5415443f41b033a3f62c2ffe6ca6e3de78a1d2937226e4f9dbdd9e645b38b57836198bf06de1b554a22b4f6ced9e4127fada6bb5cd79,"2012-11-06 16:17:25"
499,ebd02fdabc87ff1e367cb9f4fd414c7a11e673984b92b812b2c5939d14af601d6d100f935f8508f061d5011bede7b0fe365a002e7708b669e0e90e95c298528e,"2012-11-06 16:17:50"
500,d74b1e746416ef924a7d350728a2a4873be6a19298d3faf8310a2459de53696678fa478aeefd7e44a8380047ea07f7f07599312c2e7c96450065a671aff64725,"2012-11-06 16:18:35"
501,b75f231ff2724b45cfc67125ddac204cb73ff5df3308ce7b5aa0a434e8d6ed80e3a0b8e58443d3a8626d0af269ffe17fa528cdf8e13814a03e5df87fb967f002,"2012-11-06 16:18:49"
502,79be60db654381a6f131e67f2d62564dacde929603aec5f4d84b36c28ca3da07a52cd3359a68e20c1362cf577d41b91125cd8f54d787c7072c4766a54729f713,"2012-11-06 16:18:52"
503,d72579e7c27914c3cd1433a3aa3bb40406468287c553a370b3f1c4c33b09471574d402d8fd8e155277c214d557cfbff84e2d03e525852975fed1c5f2a5b5a078,"2012-11-06 16:19:23"
504,ddba80a7f55b5c0cd0bbe7d65237aefa8b953c2f2b869112e735d6d97f2b614288ff6c4e71cfd9849dfd24568511d024f63428d85fca2f183cd83cab5af06a9f,"2012-11-06 16:19:23"
505,2158fdeeabf051698df5cee9b82933aefd206a48b8e757b29a8352f9235f9956ee187594d3af859d0c40ad0bb7f620663d192db0184f776876e7013c0cd1200f,"2012-11-06 16:19:46"
506,9e16485474b77772c158baddb9d77e91168e31bc2773e86d32f406f0794162ca62aec34a1cdb31b5bf4b6ef6dffb2dd546f4eb7fa852aa0fff010cdd2ff0e442,"2012-11-06 16:20:14"
507,cde44a45f5c14badf107c924ab8e580bc39c41703eecd774d3fbc6780347d855368471520542f9ed5f4c245f9a1e57401b38ce27b462df27c65fa63fca311a35,"2012-11-06 16:20:19"
508,4f44cfb5d8fc4e56eefd09375a443f176564459ff095adbc548660b4a2953e0074cc1c2d403d62b7107e3bdb974cbbe84bd3067edefe028689b9e151a5ec738d,"2012-11-06 16:21:48"
509,413b62b7fd614b1e2dbb7738c9491fda1f4e155c0e18327c0c564e51a4125712e21e0998bc1e76d27e72e4589a48bc3dd11baf759b8e810a2fbc7d0db325edb5,"2012-11-06 16:22:16"
510,9d8d26638380cab45c5ea9cabb9decdfe979ab6511ddad88449aa5caf7f1c89fe8e4c5936f69aca5fa648c5359b187f36e5e1699e47d300951981588ba623c71,"2012-11-06 16:23:07"
511,41b4427e9e5a91598604519e8f86732abf7f0b3c90255e2171b0e508e347f06e4e948cfd339f7c3332daf5e1c8df32ccf8b60051b309a2a05ea63ea764043f64,"2012-11-06 16:24:40"
512,090a2adf5fcca28e93f1b670b9b3d6bf726be318bf00bf00c952fe1bdd5dfa9787942ba9e92031575fac7e14cec41bcc2da0dae2e5f426c51805b696f6bfa23c,"2012-11-06 16:24:40"
513,e3ccd66983ec7c71981da587e9ddff0619ccf0302c06764ef5886a7262dd78c47347b2c4bbc515421c869abf0844dd3f3a28f73c327751082a0cc2f63d608824,"2012-11-06 16:25:06"
514,ab14b973f9e14a676ca61299da8466f397990dced65146bb559c7da40860995fe2198d776205d59d4b63706cc102505d149ca38fe223c8d26addda7d98bde594,"2012-11-06 16:25:24"
515,45145d398a44a8b63f2a6d47cf477d5a128504951d1aed4e56caad30d5b711980de6661b69f7532a55036a5484fcd1300c8f41b2486e4c117c84f7ef491e61fc,"2012-11-06 16:25:47"
516,5a004a1d3cf1847cb706a70eec42a8dc0ff78e79f686df900e4a842ef24869046e7c849ca25ed027c9db283fc54b0e0ff442f1e81d0206bec83e63c3ba769d48,"2012-11-06 16:26:36"
517,bb95e3e39259dae0264f007f4d3e6a5ba979edb327710739497618eb630b13733721d96fbdd5477b52b8b3e91de6f9d4a2143a05672cc7f49b87fa5fb783e5df,"2012-11-06 16:26:54"
518,9960e56c5f818c3e96cd9d0a4e13000bfd785f8840384015952adf8e7de05ae7a4fd95849a06ae8377b744067f70db90f2a1461140652e4337b456fef8036abe,"2012-11-06 16:28:02"
519,0f802d86aa46b8012899b0d8e2410890f4915ff1669f2fdb5c63f36b094f4ff3909b2c1a241cc17204b05ccb2d899c77ee127213119f9634be3265f8854e3dd3,"2012-11-06 16:30:40"
520,1f548d775816c0973d51c34b1fde5f8cbde2cc4e32be37a9ae6d6719b4f0151761e7ce7a708ed3f64f0239e468fcf4c20393a6111cdfcbc0a8f77b32c7b287d7,"2012-11-06 16:31:13"
521,731815c720511faf7e2f85da5b01535ebf06da245290ee70ef013b29583045b5e47ac7df180e612328d56b24b62c1cda672c06e6be2aa6ffecf3b791633b0925,"2012-11-06 16:31:21"
522,333950a713b3c581ab814280711e0549032faff6261b3b2f9d06523a63707bd7d048c204ba6424b1d57eb0628c11913e2a13463807d48628d1f313249fbc88e6,"2012-11-06 16:32:13"
523,4a9d5dac11382d3dfc4a9649852738d2891034f67dcf3d89ec7b92330ee147dc8a8f990b07112adff91b49e55a1cd3f38ddcdd4c69c8944021112e6624ba616d,"2012-11-06 16:44:18"
524,ed76fbb38a7227cc08cf13c11439fc19c4f40e0855cc873ae75aaaba96b11a01644e969b61a4d9630eeea8e1113d9f566db6d67f8f702b5127e503d9b6bc2fc8,"2012-11-06 16:44:47"
525,473e85e291048201520a063f2b10743b9891ab4a44e1f2e22170a02f99751c7c46c8d934c5955c182f96ce9d79832d056b4d782113aa6db59dcb64a1899abfa9,"2012-11-06 16:44:59"
526,4d6dc356f2fa915096b938e6f4ad549058b64d0859e57236c941662fd87de61a00513c14c66cc35a17329f0698da808fadd04c307fadf3ed0d826f03d73aa3f7,"2012-11-06 16:44:59"
527,371475628774f2e8ac14a7d5fe00d2092a934c00507cfa46fed84e3413c7c8f0441ac2494aa5541fa8fdd74512dc94b4bc0c717a5fbc8e2f7783271e6f5d8765,"2012-11-06 16:46:48"
528,51ea97954fcba722e354981a2fa5e6c80b0cf0a7bcf51ec95a926d58099ae498c532e70d3e7c1e49eaf723af2644a668b7f80a129ad314a3ce1f1019a2292f89,"2012-11-06 16:49:18"
529,80c443a02908faea718eebaa7658aadd901938bf6e5a9ae09fd550dab6d0872bf479ae92b5a010074351119d5c765cd63ae501e487142288ea059c19139a3132,"2012-11-06 16:52:15"
530,e649d7bf4c747275dd7ff2ed8ba24afbb350c38fcd19b09cd5e34f9b2c9bca78d95bc78cc60d3e4fadd73e6d573d15b02f784fe5df8dbd5f9a71d7763c155c29,"2012-11-06 16:52:25"
531,d277dd090ab587ebc3c1529c7ff9fd9615d371fbb796ed7b0029244b25efb6632c041473ee0f4097e246a2f56d0d2fb4023785d2f2c731d2f4a2b780519f3a79,"2012-11-06 16:53:49"
532,6a54bd6d68688e699bc74742dc2043aa11867c224222dd5bb3a99d7d5bdfd164012bc0be6dc8c23cce3006803f20bbe058a590ad8a1a1fe52c45721b7b6efaa9,"2012-11-06 16:54:37"
533,e4ffd3feb5528cba82abaf7f5af2751104dd8f262334ac3cc72aa346d6f4fe42c2acbdcd74fe9fa8913734eb8337829dfc01470fb8bac3a699d31d83ddd34066,"2012-11-06 16:55:13"
534,8cc09f1ec8f44e492546ee631a4edff6d429e5bdd73476611d08b2449fd018616d3224e8aec8fb6e3fdcebef287fdd18f1c41b58df3cfda72c68a52e86bd548f,"2012-11-06 16:57:39"
535,48ead6c8cf94918678db6b1022ca18ca6b1b9c4708afaed90246d1dd173d6a1b7d9788cf2b7854e1bf2edc1d0c0eeb332252944b5f8aab7dd5f56c9dc38af23c,"2012-11-06 17:06:52"
536,9bd956783e7c1f67d984220977a636a7afdc19a6cd1dbb5580ed08218f23b8d270de049a56d8a0009695b6fc21e64acf3a0b6d8073a05145799e259027214dd1,"2012-11-06 17:07:37"
537,732aab8121145a5947d5b72686e185147cda3457c2419dab3c3b6e867fc0d5822803692f2f99cb6f9d2b2e4522a67a088882026eca7f7ff50c8fd8250a293523,"2012-11-07 08:09:09"
538,e9a6f930761645acdabc9d8aa84024ffd0e07e5e1fe870f4e8d8c710506180bb7625050f34b656a83db093b62b85ddfccb002c88f12baf6671773096ce757911,"2012-11-07 09:00:07"
539,458c7753a76eec8a5cae6a72de36f8bba4ffe9af05fcc67123bef7fff75714c67ea1a0507f365e42f468950d688dc184281098701b6551b5d9d3cef5bae638a2,"2012-11-07 09:00:07"
540,a8ab1a31e92df5d1a2f65e2ef8fd2311a3fb22c752a1576a414a58580cfb523ab3f397cab01fecc387a6f903a8abffccc6f1facc30948dd66337a93669076cd6,"2012-11-07 09:00:30"
541,39f6bde910ed5050c9a72a30d3d070131f659ea75912c5ab4e706599391ba7ab1f9a448f903640caa980aa00c735a1ae6fc99d6d09cb8dd713eb1799242c9c39,"2012-11-07 09:00:41"
542,ab1b1e0e74466f70bf08860a52b6b3c56b14df758c6dd056a3eaf888e1268b2b95e3b1de0bc1ccc2c63672575dd335805d9c69d10815624a55266602b168f092,"2012-11-07 09:01:16"
543,6fd145094713568e1a310c52cbcec0a89a232f83f025e3c726c8a14314b5dce338c99c0341a022aacbe163752a3410c7f5cd9c15d90c6f5f94786ea5c24fc70e,"2012-11-07 09:01:56"
544,5a58c3d88eec7b4c7028152e6b8acb2b1ccd78e6e13dab2183c8c03bd32e7dbb97a94462986f27798cf0901819543ae63e211d25681cf128c33c2e87fa6e906f,"2012-11-07 09:03:24"
545,c1de305b6a2e6b37842cf52ea6dfb0834dade9a050fec91792d501cecabd61c088487a03306cca21b4500697cf594e2ae5379b06a494bdc498093016df8df63a,"2012-11-07 09:04:07"
546,1d145134a032c473a654e758acedd1e0e4be59959438eb936dfaf7131d20efc3dd9c915c426995824b58526345dba3a58e92a891afdf4428608aadea8e453f5b,"2012-11-07 09:06:03"
547,155609a3034c973679bcf73fe3ceb9117d41ce4bb795afe5bb6bd379e7c20d31f6c98ce769fe466d9968c6e9da17a80fc8fe738e8b127f9c6cf2775c12ac9c53,"2012-11-07 09:06:43"
548,50a1ee17d6a7c8ce3ee5690bcbcfcc8bada167f5b0c59bb0bd5fee29c9b561ee648b474cf705d2a54003488ac19c3065c7ae97377f7c7ce1057eff596dcbbe13,"2012-11-07 09:07:36"
549,8055227145441fdc8cc78404d7059859a32d0f247cab0d299b4d4ca123a373771432062e05caa2bd60fa991858c3c9a4d8295b9cfcbc427f34b98b7011cbfe48,"2012-11-07 10:04:19"
550,1a577755c53dde4374715b896ccf0d070af67d0e01e100f1cff8c15c31b224871d94204080bfb01db2b67208c25451f97069228dd642aaab4b355d7b7df62365,"2012-11-07 10:06:47"
551,5773105d642a90ddef3a417f19148a74d72dd2528176fb521264dee7bbe6c004200f52c0ee243ac0f73476fb73f0fe1ff6e19ae8cc051fef84934d1a842dc375,"2012-11-07 10:08:29"
552,3821dd4b4b7820ddc835cd3f90ff8b50e1a011d261c13e2ab7d1cfad512fed9863a1a39c133afa54246d9dc82a4625112190a77954f720327f2ab22f093e524e,"2012-11-07 10:08:52"
553,1b6e0385cac407bc8bf71e20c4f2810c7fe897d7209ba296f9186463163a15ff83686b94545184380f9ce2129248bef261416df42467e491af37f0664b4edb15,"2012-11-07 10:09:34"
554,c78084923f1245f53adad7476958c7d7fa6c04674ac5afe38e39404d22d4d66560b2cb7b3ebc97cd949af256c6512c8c646bb2c67182e559aeafeaff3da51dec,"2012-11-07 10:10:51"
555,9db37039e32123e2810f048171dd941609185239700aa887cb55c9eddd6828f8417ff16e163539450929d3dbb518de81329b0da668387c46390d5334eda8f6d7,"2012-11-07 10:12:02"
556,15b322b7057cc7585ef95f2f22b5569c17ef6e65fc4d1e9fd9339ea4a7b941ecb41128802a9c3df980a03d0b9fdb9eba7ee899bbb644ac1b1dbef437037b0f86,"2012-11-07 10:18:17"
557,6f95db70d8a46d0d2f94e30a471743b53b1a0d9bf68adfff8cc65f97d4dd019ba740194ea0644a3baf5c750954a4c2534ba384fcd590572308608b5efde2a1c2,"2012-11-07 10:18:48"
558,635668f392a183cfdee8d7de8bff8929f02d1aefeaac50f574401dc2149ab49af3461bfabbe6ddfe2eda101a62ac5950a34e424c7a279f20a0cfe016ae7b3496,"2012-11-07 10:20:08"
559,c895e8e9efeb305b7d659247f6518faf503596daec0aba25cc10a30752a1e49287697e074b44f9c6524f68aab4335fc4b155b36fa804bd07c599163bbad5d97e,"2012-11-07 10:21:03"
560,9cc4428760c30a32ac4ce086b395765386a698b0a580fbc6b7f565ffc6b659ce64410b8fd80f8198822acd8952cfd0be44247fa467ed8605b4355347d4b48396,"2012-11-07 10:21:46"
561,4ff9f8316848e67ceaa5f5934439d8e510f8055f16afc9417d370546bc03e81e56659264e0468fda836e184cbf473da82e5799fd67a598bedebf917053a709a3,"2012-11-07 10:21:55"
562,74f4c3a1868c6a569cbcedbb7750de7053859d1fdb89f9733e1b0e1a15cc2062e9bc94436025e3208e1d9af3b61399e684a0a11f8deac875d39c0301e08681a0,"2012-11-07 10:22:55"
563,7bd87adaf52968bfabd4b176f56ec360eb6a74fb6bbf7df338a5d04d9998a5d171f38d75e92fd5eb8c34e555f66d9ef1ad21a7a5d2b65ba626ec418b95365927,"2012-11-07 10:23:23"
564,880ddf90063de6dc7a65a9cc13027b2434f1328ec0a5f93c25883cd0c2ec92a65f3a7f9c70fd9d1d1138390ae9000db7a09e1dee326676f376f2d6225fe23095,"2012-11-07 10:23:26"
565,5123f771cb58f07c7995effaad5c124801c52502d07890c57b0dafaf50712ed9c1b197a53dfb72525607b1d939b1de67c69dd75817acb6f0318d67d1a8e5634e,"2012-11-07 10:23:36"
566,fb1aed89c00b827ffb2736911d245f2ecba30b207849e641cf6e0bd9d19bfe87e983e4cbdd35db6a3dd466b1b22b1e05b8843b8baa7117086c69607a78acb409,"2012-11-07 10:23:53"
567,ff7f0d911d4d7864a3fc8e0f0969434f79fd1c4db9e2e2782d0017118dbe31d8940fba49c407f98e15b25f7d7834fd98d73b71e0298bcd8936a4d9772f981626,"2012-11-07 10:26:18"
568,1b523e72f800dfc0512ff26c356d06fd4cee8ecf213850d77ca0a6d0f453a1f040f5857afd234c367f33c297ac37bcd8aa38cc5fa17fe2cf3afe0be8cd8bb506,"2012-11-07 10:30:09"
569,5d2e383ef89224871aacb16fc04f64447fa9db171675f06f78ece9e28d1738cae46a6c3fb417828203520d713fad55a7affdbf07923f0a958ad2d7059f5a7e70,"2012-11-07 10:32:17"
570,8d3d93abbd3039ef54dca9ea745936e7bcd41fa52e66c580fd911da5b98a78b9c35acf913129a78f3022b7c3c99ce35d1355d4ed591982d58b44812ebfbd453c,"2012-11-07 10:32:18"
571,b4446428a52c6a68fa7619cac42ecdf76fb9148d78751c99a619be2c649a0b16f27989ff027803683b05ef9f0bceacb8ba13024e553394eec3fd8809b613dd92,"2012-11-07 10:39:11"
572,21900aeafde0a0b38148a79a18ec3d4556bde607595032eaf11249b64ce61ede7645a66d92ec6a181b3f603d7a99bf60575c442707bf84007502a8a53e6c1b60,"2012-11-07 10:50:19"
573,e5d04351c3f152de2ea1b283ee8eb45cf2f9b84a3a4724f507b13af3ad7f3eef28f66a51fca1e101954ee6df9f946a2d176f4a71166188188a15d96741a900b9,"2012-11-07 10:55:29"
574,2e0faa1117d038dbaf54e8f753933e2bf4b58beb1fe51e0407bc717d9633ff77c9a266a802977eda0131d425a728a7154464deefef09c884eb73ff78eada91b4,"2012-11-07 10:58:09"
575,a63edc8e6da9f6b7a7b0761dfd345080d7f7c13dd3b816a9c62047a96bc9398c96bd5e8830de18f55034ebd1315dfeef7c86499eb20d432c01ee0841860ab922,"2012-11-12 11:37:54"
576,4827bfc7d6986dc6e00a0206073b93361e53ff5b87770a0671da1a8f8f9c38573537a290ce91b53ec287ef54051eb8e52242f3cd02e81821120580c823f195b1,"2012-11-12 11:38:33"
577,764fc5ac1436ab0bd8bebbb0d7be2b56c3c5f17c523e6b45ea7f6404bb38c6001270dd2304240c0cd424c32a9d7e4d7e484670cf73fe66c9f7e7ae1dc3f8a672,"2012-11-12 11:43:16"
578,17b72bb2c69135154b25c3b04d0a90ffed4c5f67704a4368d5e5d685d768a195e115ba1d271970dfd356223c91ef37d16e8f6902cb395079f2bad626fdca4ed7,"2012-11-12 11:45:31"
579,046f89554cafbe5fbcac01eb3f083c489e9547b41d498ed34be170bc2c5f7ec0fb9d7699a52ed9220e176a585fac03fc91d629db8a47d32d1dd68deae58f0dc8,"2012-11-12 11:46:49"
580,a1740eb172d7fcb24410f4876d34e9517c43cc9f86652085ab93f787447644956d9d4ee0feff283e6a8f67a3b85a9c4c8c2d75db88608dcd0b3c88634a95535a,"2012-11-12 12:49:51"
581,376ee330239b949f6b886b8ac2877d56ee3b034c4ca1ae40f4b6c6cd552c418c0800608d9a47468a68e6518d86205e57e1dc3933b1f0d894c085a4fb482c768a,"2012-11-13 15:55:09"
582,3158148026652c35bd73a98bbda39aed6527aa4f4b0ad4a88e63613182a696c17936729f0b0c9e860edd058acceb17a171c46fedec66a06cd34f2d6c63e5734e,"2012-11-13 15:55:18"
583,e2506a992178b8fd0449effdbfe0b2697ebdd4f5f7aa1220e89d819bd3fca5d7b98c06545a46d6682d28929abbb55aca78f1f9683a700c007042203aa5aa9761,"2012-11-13 15:55:54"
584,d68c85c34c48e76142e58eab2743764e76ee45cc8415fbdaae8fdf1bb645df84b590424e561e31c3ef1ead7453922c9a3f8fdd259587c08a22f50ac654c66dc3,"2012-11-13 15:55:59"
585,605168bea31b47f417d86137c60cb78ed109ef2e7be4e297dedbfaaeb97c31b96bf33552b06d6a285f23ef7fb61d8bf5ee746d7d7c4a5706c26deb122bedd33d,"2012-11-13 15:58:58"
586,f36a085fa3b9fbf82804a1326be7d654fb3c3de95ccee967e2b24afbc7e9be46e970fb5c59c444bd8074340359659500e0e65d6ac00e88d9c8453a9d806e82b3,"2012-11-13 15:59:05"
587,704d906bee0d9d7296c9c5587d5f54372c027f378de6f66e1da40cec4ec26f017cbeced13d04c4d4d36e0c2e26dcbd9261345518c6cc329b97f9f2240f6aaec2,"2012-11-13 16:04:12"
588,ece9d5bfd930b2a74c2c6963c5b9a7466e5c26081955c26172a4a6599e7f0459a9eddc708ffa1b1a4009ac5201ba20b21c2b81fd38fad462fb2bcfba09b209da,"2012-11-13 16:09:04"
589,8313bec62810b5d09fe0984fb05f4fda9a05c19bf9094c86d75dd844a807d56034a895a46e5b636458aa5f24a1e8bc05b6e36239854ac8dd27c7febafddb28db,"2012-11-13 16:12:36"
590,21b1f52814ea01680874859c12f37c630b2e83825aeb47b6fb764cb7fd1f39f81f01664e9b21e41995c64bc0262b9cb6a02f0ebf30f21ecb4bd10e061de7dba8,"2012-11-13 16:12:45"
591,7699220a36c85fce4d48096fbe8775bffa26d927a84a60987aa12371e635dc66b11ae0274f46bec9b3f8535cb08a78e15bdd7d92111f0e3552609d339f8d2e41,"2012-11-13 16:12:53"
592,34649a588bcaac2c7c46e09fd9b3bdaf37ac5ca1ba9622a51595feffd90953284e3fcca5ba66de8dab8dc89d85ec701d02847416a9faa99c7272a6334fae1f05,"2012-11-13 16:12:58"
593,f0ec7a89929d30bd49f2b7b24ddf26a44744a5a3b94c8f4294c0d913d3568d41600f46b800cee1c8ae80705a3a9b0027ba1ea6ec7abf649b55d8d0c13d601597,"2012-11-13 16:13:04"
594,c6220e3518d85308d4eb0491890d17e2c175e7149c2cf452cad09518f6a59d8feff7eb23161c28b32208fecc9df5c9454d6ad855c4d69831122eb8a446488c26,"2012-11-13 16:13:55"
595,95e705fc8ac3e1bacb8482c96741a9429ddf8a94dfa8c10d5ec456774722504a827dba12def2e0804c158fe56fd8c7ddb6d903e6742102c10bf97f5a5066a35a,"2012-11-13 16:15:58"
596,fd82231d43232a460fa5df53648208518e28be6877e3abe20c274c895157af066fa6ebf577844064f9eb916212fa41b481ab7111d53b7585ed89fafa1c914b5f,"2012-11-13 16:16:04"
597,624a8a2f16dbefe511927ae00efe075e5eb1821846d68c45dda61e780adfa5ff3f1e2f5d56c5b31d7d24f0f80072e4ad9aa31cf37e50f71c179045805d0db522,"2012-11-13 16:17:49"
598,c8598ee08a373a0a95e07d9bf819857b5ebf8ec773e40b54b09f7b96e55f15d5b9a0cf6def19ad3f5701549c7f4d5956f4c8f75b7472072fe7d23c0d428821d6,"2012-11-13 16:20:42"
599,f1d9a62e576f3d0f1ccb292c34235333a41a634cce6223c4cb0f68fcd8cc8ff8abf3a9f410a6d0026ff3da35e514e476297aacce2517a65496ccc64133b16047,"2012-11-13 16:23:58"
600,68a60528735671443ccbe2b8dd6450e741ab56360ee65fd2921c930f1ec0fa3f2b2e2cd4103538f5f3485c9656a78c7db20ddb176e73988e09ea1e285c69d46d,"2012-11-13 16:25:47"
601,4f957fd4cef4b8fc49ea671e8bac86aa041dd01953a9d8ac57593c77c5b82157e227535d2a8ecd1fd2d3868ff2b2787786d7df7e1dbc9c713efbb8c17782d343,"2012-11-13 16:28:36"
602,f2f94aae6bd156931ec2ca540d1f64227b8e8a3c76fff8210493a54c78febcfe73a54797b8a0159fbe6de5bdc1699ac810af58c347c5e8e8561203e59924b41c,"2012-11-13 16:29:03"
603,fd80d146c5450ae55cd42b0f9152d85fd22f399db0ad6b7aacfb5ee3e74fc9060dc44d4820aea487bead58446fd8d4fb08d920181f9698ccfc3f93275861f868,"2012-11-13 16:31:05"
604,7ac14042076335bdf6ef073c54996a7130f297f6f48ba139b0a43e7353735aba1e287ec9c6fc48c6982e176294a0f82d43b4d389620920ca7afef165e44995c3,"2012-11-13 16:32:44"
605,f85f77333eab4ee3bac83ab8dacbbc67b16f6941f84ade5696192209f84cda4b4f47c4f1dc8069943a8ec850ee96395446a0008d763874142179fead2928d4a7,"2012-11-13 16:34:02"
606,3169d79c1e5d1dc72118cfa3babe23ef65063d26c1f9a89d46c694be4acbd78b183b83d34f71d19f3402470e935d59f8f9fdc627fa4ebc0727a63e14a26077bf,"2012-11-13 16:36:52"
607,8cbca561b8e256286ee119eddd7ee1723c276400304dcba6ef66c507ee2c54f129c205622a2430c648d7b61c09bc2054be5a563a73ea6743afdacdff1506c2c0,"2012-11-13 16:37:41"
608,6ddee68234692b4622dca8512d4c6b177bbf007637674feaa53bf5a3b5ee9096b7d958aa827e41b02ae8c4dc5b1da6e65d34553af2e4424bebea87a683ad7203,"2012-11-13 16:44:59"
609,81f1221b13cb3a6c6236b22b98fd264c7306c75bfcd41a7398dcff72e1a81264d70872439ff820a6e431597ee4fcc460ef712dce3aa7a9eb67a58d1fda5ff4fd,"2012-11-13 16:45:32"
610,99c050cac39e80411abea886a9568f7c9f225fe3b3eda19a2e7ca9592354f9c2c357c6a9cdfebc1c3013efee6f857196deaeed4b43d11516e809a0e6149fd91f,"2012-11-13 16:52:27"
611,0abdcdc7fa7e9c6425c5787b17a6615fe661bbb79caf4860a78d308e80518be071912fc88c09f3664f63f026c90e58c889318d230664ca47fdfdbc34ad62ae1d,"2012-11-14 09:47:09"
612,7af74ac85baa8291290e6e54fb5fd16e22f63ce8cf13e6831d8e6fc7ad5ea1b71f946dee0ac692b1cbc193cf0f1e90ae3841107e5147a981bbf01c85db43da4c,"2012-11-14 09:57:53"
613,3e23b4f99fa2339f904a94de26bde43e0f2e2d09ec16ba4bb3e173a537d97495e482ccd0530ff49a355f33d3d92fe9491d024d7d8183f897d7af2abb75ce1473,"2012-11-14 09:58:08"
614,05bb5d4e2e55504afc09b457fa87067fcc2eadb747cf5d72187cdc058ad94a1e81d26d3bb82196dea9e91f057973dbdb7e7ef2392eeb315547662e288575c3b0,"2012-11-14 09:58:21"
615,e43ead4eb3c21ade9b333c1ec927ee7029a5a1551cf1ca44a9bda6e797c649db34e8deac04e97672bb1f35d2368682c41e18957bc825a442e89482d4fdd77edf,"2012-11-14 09:58:32"
616,86e777f80988eb350f43c2c07e27961d2b9ab1f9f3b74c22a4599d1b2435817dff635b79b1a5f8f8862820b6dca8fc9a944a57d08b346836278d2a1cac7bab54,"2012-11-14 09:58:46"
617,81366669dacfb49feebfca707e2dfba4271916a78100186b87ce257588eacd0dfe5c404bf5029d8b035cf240edf35300d8ca9806c16bb23de45fee61c0ceb446,"2012-11-14 09:58:53"
618,1ad08033d6166587f4987caba8864c78080bd694e9fdac682f74d6a3be07fd4efea9357cce125a24950fa37cc6c08b6c7404956823c8189bf00a770b10846ec1,"2012-11-14 09:59:06"
619,7687db12cea4d2b3f722799643f498c41a957ba8d0f0d862b61783923120eb4faa03f17b5fb58618460304f765b8b519300981ceb4bb4a7202d1b3cf0d769a78,"2012-11-14 09:59:17"
620,f2068bef334ae1b4db74cf1e0d5cab7df8dffba0511526a6ed46844ca24c1254c84d549c2e75a8fb0fcb261e0876831ce0d75cf45fd6e41fbd12abb1cf3fccb5,"2012-11-14 09:59:27"
621,686a0790c92c7d64d68b5601bba920ee6bcd750543fb2637c3fe4adf3204c2ef39ec220358c09dc95debb134b99c349494e5d7cd81622042ff13abf65e6fafff,"2012-11-14 10:01:47"
622,3a0fbee496df0a158056baba8544c35b4fec457df6a3c5ff623e19187e4012d62de3b91083ff756996076b7bfb88d831bb3e069067e1d2489486302be4222bc5,"2012-11-14 10:01:48"
623,1992ee38e5a3bc4ae8f6ce47d7cbe50d6a8112aba1439e2fee301ef01d2e878046a328ed77b11fef53a0425d14664df7ff9e1446381f56a6d5948d683c44ed85,"2012-11-14 10:05:06"
624,e5d400b4edbba69d671ea202a42c8fe9c2fde93275be505be3d37ed2a78b543151d83fb74acebdb9bd0e015c5769ea16d469892bd8d96babb4d6c9ae4d15d823,"2012-11-14 10:06:32"
625,01019b559160b461f679b07401f67a1ee3f4780196fec85d2a393f11d9eeba3a5ba126aaf48892db3860d49ebe2e6a1579e24205009100631547ea24f2caaffc,"2012-11-14 10:08:45"
626,6e840a0cb90e3e371c8592ef7c950d3df8c4473c8b44d09631cb6add74cd6b0ef1ebdd21656541a0f743b510b9b5ceb9213b6e46bdb41c28e6c1cfae2a7984ee,"2012-11-14 10:09:40"
627,63c0e8aff15f6c876dd3ad0fe38dc378c4220a20167ec8f8c313ad9ae6417e9a1365965793700ab4c4ec1d8e7e8269a20609a648a5eec5c267438b1855e3ef64,"2012-11-14 10:11:13"
628,8644f9f62bf5465324a9bfb83462b9cf7b21df38f5cad76739479dffff439342906a29dc00247e8c8c1cfb30cef593f308c646ae705e66ff05251c7a99f76e52,"2012-11-14 10:13:19"
629,50a96d1790165e4085acacbcef7548737c29d2d01f7628f7bdc4fd80b552beac78d5808f42f04af2031eaebe44d697bfc8c4fc1aa03414fbcef0a317dad5f137,"2012-11-14 10:17:27"
630,2740ca99250b422405fb7aaabb9b099a58f80058622921c5dc9d9983140903198fca4cb95bc3d2827752b47b0c31156c5ee343042fccfa718126fdce02c3383a,"2012-11-14 10:23:51"
631,c12d8bed1f162e57990a9ac414a53d19b1247681b4c16990cab622589c6c70f295e9b2ecc7b5f1543ff2fababecf4d31f9774760feca36802a4db14019d725ce,"2012-11-14 10:26:31"
632,c12c23e6f41cc6bbc94dc890f16b42c285038058c197fc413aa4f2df13767fa5ba0a8eb7cb2b7ffc771715318ba07567fcd1a36f09a9d29109d6b0259f47e342,"2012-11-14 10:27:06"
633,c83b6347018c83b36247139e1741cb7882f0d89c6af87c1894efa14b4b486e30347101d5c55aa15f50ec1ba930b3a3ac296b9fa60eb4598e9150d8e5d78be3b2,"2012-11-14 10:27:15"
634,77a3dd27d379aeeea87ed95e68e154becbcd91c2e3e20af57f17d4992dd5de9e054b29c51b9a5cb04a23399f86b1b16a54d1473d9977769580dfd8c3a3a990c9,"2012-11-14 10:27:19"
635,f5d0489280112819757d7f4d283e321bee043bfb51c059a34969d87e940da88ff4483eeb9b1c42aaf2db3b189f05ad114f1e27c64fb892973c29cdd4d237a79d,"2012-11-14 10:28:26"
636,974839bfe6c3eebe428445509c763a379e07549c4f12fd7535f8984e774419f3509324ae15421e279e5e851634d43f3a8cdb4c56d0a1d712287a32b64335bec0,"2012-11-14 10:28:59"
637,010a08019146ba8368a5f536037cccdbc9c0bef579c5b1804384fa4db85e0058f0d7e97a4966be1b66f789ac32fa099c9b8eeedf21ece864d74eb86f95f9a507,"2012-11-14 10:29:28"
638,f6928bcd407a12e1f3838305e5cdfdf5aca5e54ab7208369e7dc0b71e1f3d3f547acb6231d661e072a4a84b108eac41f6ce9cb78708695ac6c2dd744c05ce217,"2012-11-14 10:30:40"
639,7ecc1e1378597b236f7837ec49c9cf947657b52ad173acc3eda3775f6018d2e495f3510a2abe282ed80adff921b3ff7d4039bd1f1d47bbeecf676eb6979f879d,"2012-11-14 10:49:22"
640,3144c39e95941faa205d9a9aa76eb63f729fa3f7259099f6924c5689e5bcafcec5087fd664a821fea0e47c575f3e5525696e1cea7b44fab521922fd68a2d1c49,"2012-11-14 10:59:18"
641,07ffb813873bd59077ca5b201be58e73a44d0102a5df3228e0afe693973a95807e0c8a74c3260b1296efb692bf283a5475a3fa89a3b6cc037989ce4f42c0e3f7,"2012-11-14 10:59:50"
642,5a0d8871608eaeb75ec7b32fa20685134cded8a83ed1a14db8e137bb33916cbe791204772720e74cac2a86567d39bcb179658bd4f42cf3be16e8f795696fc644,"2012-11-14 11:03:54"
643,f5d218ec692c3adba18c621ec952ac5baa7bba75165eab470e4ca1985e26f7bf142f224ff653215fc5be70e9564e0a0d7ff5ae05f97985e3feaa60aeb8599d59,"2012-11-14 11:07:31"
644,ee5bf1c4871fce6a74172bdca408b6ba79dabe0cf7a75f07b010a62684a70d3d15f6c5a00f54b5c7a3280adf886ad0c4c637c728b780900f0d0be5ea2d2a1aca,"2012-11-14 11:07:42"
645,82e5ff45028b9a23eb4a36dfab6575d82b59c6febda5457640e8cd0fbfc729ee5d09d1de5ed040e4d2c22d746792655c3c87e7736c0d170cb966ef82121bad60,"2012-11-15 00:07:44"
646,e93012c69010c5a377156926afcef9298afc64eb8d077cf9f88dd82088558fa3e4ab45d0c5098225870a259a10548978128d994f7411d8b44af13b56e9cf9bd7,"2012-11-19 11:36:01"
647,74dadecbe39b3225421c99e919b28214e14a31b0521dcf8f3f2ae618c280848f06fcfbeafb880acbea64c060935717da9419d2b833b7122527ea63cb2ea3f04a,"2012-11-19 11:41:16"
648,0960502ce4784d1f14c1446679cd95608502995501eaafbde86f4c15f89fd54c68c5632cfbe0f62efe6062fefcbfcb44afbd4fef1a684b669c4d39c95b70af47,"2012-11-19 11:54:12"
649,286de2eb475f341820da0ae8eb62c96f03d08d88c251709a53c4a63d46dff7bb576947355dc8c16d68b753fe241e8581c757e5c70f4fd9e04440830bc20365bb,"2012-11-19 12:01:14"
650,9a2d6e6d7139b54ad11385ea7e99e4f11c2c2fd785626cf5b325dc3a716145886508cf57dd646b1989652fe370a816a9e37e5685b694ba4fb524f0d70f10a038,"2012-11-19 12:09:16"
651,7d2b79199bbfea7962f882feae621ee48accc9d7838e9ddf9fe7cd1cfcaa77a7ac4a7d18270257a2bebb949e0be93a226320f19eb107c7588477fd39165f4006,"2012-11-19 12:09:28"
652,7d116e0f4849aa15bf49d49042b5012575e6ed6f841f539859bd2b7260434d9bafdedf7cf0c8af0501606b6eafb9bb7b9e1a594b62d005deba76502e1b81ae97,"2012-11-19 12:09:30"
653,b86d606ffbf7eeaabe4384126995db8e0c8d8d232d884bb1368cda7894fd351925fb26f085a119d51588151474b29a1a10ffedd9472523660b1eca0923ea6702,"2012-11-19 12:09:35"
654,d5ed584d6b05916b392f467bd800b6f0151c748ffa7b5494d63d1fc98f78408b3bd827a7b769f25c5ca99cf13a86c085cadcdd20d093f33982dbd18980c0f5f7,"2012-11-19 12:09:41"
655,c75335333d027a40e68839403778559a78bbd80005081dbd31d74cc2a09f7e11b337455732e41f24d0b8ce8ad9903b2e778b05768d846c4d43bedcc921d7d4b2,"2012-11-19 12:09:56"
656,b5b63205a7d87cd823f099653cbebfebcd71ea42a5d2b91bd1da13f48d95c58c2b52be72295d67c5c8d76ff46f86cc204a5fd72c04ff16095e0c8727d3b0140a,"2012-11-19 12:09:59"
657,b947c63ab0f4bf485e16362020a72fa25f8288254040ef45c1779156c72a012a9db241106f58089a730fc62448df36851f95e933052436f9d0f16dac2e98b312,"2012-11-19 12:10:33"
658,145431c2b3d6ba13140751fadd124415871e07c148d2513e137f276b62b6efc79ade6f7bf9109cf0412509969b5475a765e60b4d91440ff3fd4f159ba78ecdb6,"2012-11-19 12:10:49"
659,8b7a6cce0c0658c127c36f1bb7d6489fb59c116d4b0cdcaf339930ce2ccc2bdb9a2bd49a2000a6bed46b68fa1201df1cd85a4318d661a6f63b6dc858172f5b46,"2012-11-19 12:10:50"
660,fe04efe074584f5535ed614d75bace3ff582afbad8ab1859f7292701e182f2d686ffd59770fd5b124489d0015aeaaf10bb701da286e0826ddcaa8a383fae7bcd,"2012-11-19 12:10:57"
661,38c6266503a2786e1f9c8242296f829918c59509fe6951f51d059c4dfe6a10c3f26cf378209f1c4e302bc62faee96f6ea756295e4a638ab1ee7af85c437480cd,"2012-11-19 12:11:32"
662,1d195f17a846995c9ce5e15ab2836c791d05421191c392e5d49b9805d29e49f22f80a5936940c0ec01f6a1ec260e72df13e7555b39669e031c9f91863c1912b3,"2012-11-19 12:11:57"
663,aa2fb3eed20bc310d1049d36603fd0ee62998087b2eff4b2fe73c4cb0a89276f1bfcfba6c49cbf4c4d079c553ae18dde5983772faad80d1a31c0c19b025a4b82,"2012-11-20 15:52:55"
664,4a46b4f52df7c13cae78530584f28ba42a35211d18c79ae80ff7d609bd6d47d34819b3e10469f62f660716649bd8316a3a5f9219d3c049362ff0ab5d9ff44ae3,"2012-11-20 15:56:31"
665,435589c525a55f8536529db58aae70643a58fcb030cfcaceb2591b3ecb2bb6363b881fac076b79fe594a7aba57ebf885eefece727a92dff1bb45276e7ed8730e,"2012-11-20 15:57:00"
666,1564456bed7937cf9c3321144a5ad697276e1f9e9588208055ce0e2cb1db8be255a7bf51592ed30eeded5b6b73a8d6399584ddff726b7794d71e2cb274886eb4,"2012-11-20 15:57:01"
667,fc99e8b76781acce951c1e69c616a9fac3d1e371f6bed3b54847a996ce154281aa63e0a9096d6833dbe7d2de2aed2cd8f0fd7ee5f90609b958a5f3150276ea07,"2012-11-20 15:57:20"
668,f97bc9d448ebb185fd234af2a1c93421e38a5f8040e317169835a2976c75d543985a88f49ed01263cecf4f8dfb658bb310b18833babdb6e8152eb35e9ecceb55,"2012-11-20 16:00:28"
669,09a924ba9c609492e8e80649b8c8fe4a8fa703260706d9c699ccfe46867a3b99f306193b07f96083447346e0668201b81809a5ff13f64477cd15399b82c2ebe9,"2012-11-20 16:00:58"
670,93750a2118b2ea06886127627545ef8833fbe3452d062d3b788f839102b8dd995f9068188597a8b616e5de8c3987a7813731b5b04e3a535c631b3d815e575da5,"2012-11-20 16:03:01"
671,ec7edaabf48f0401a2d16c2877dd3b7935c674833083a1549df2b613e71dea678471da60ed1b41efcbfa09514b2e65b41af3ebecebe360d23a339a757fc63155,"2012-11-20 16:06:14"
672,464a62c4c44aacc337d858d2a7f084f360675a6938a3bb6de4e537d31ede54c29c8b984a8aed3eb538bec60896b231176e97df04ec71a7f43b501a6fa96380d7,"2012-11-20 16:17:55"
673,7ebf89111c1f79d47574bca77ad360475c0b3e0c808f500471f6b698b0467d719fde323aaa7180b699060cd1ba963e60a026a319842e40a5e2112874ef70efa2,"2012-11-20 16:18:15"
674,9e5ef0ffb1a5712c6ae94d6a245778ceae82180887ab0f9e89bcee21afb22c4c8d006165e60c2c0746f4d260a924752eba779a64131509dbaf91dad02b5a2534,"2012-11-20 16:20:27"
675,ea8ef0ca9bfd94003d9c4c46d8e275c7eb746430a55985ffa7e4add824856d4ca5c62fe22ca6a9969a1e43edaf880018555f0d5c48a82d6d8a16a86d38394adf,"2012-11-20 16:22:09"
676,3fab82ef471b56de1ec27e32c53b75494eee1c944a6da0c7ea23d450a805583c33556deb7ec0d4ce24d4a061bd1d62351cb1485deb0ec1f94a4ed7d3c7492e65,"2012-11-20 16:27:16"
677,646cc4290129ea4a553ea163bf1aac106467e50a6c8f12faee71f70c21704496a0e5e510a53d35a9ecaabd8d5273de762c7932521e7cb7a07910480f9d5b9264,"2012-11-20 16:35:06"
678,eff821cec8f4f546469dbc1b3f8635bfdb7825db788deb4b0e8a93c4c7a8c2cd9dec381fdb52a2423a470291eca0cf4f67d7199508ac4de509e4f55dc66baca2,"2012-11-20 16:44:59"
679,a058bd40c35393b05d2b5c6889db0fd1293600c8ae4227282932d2f4e285689dce11052feff5e1750ecf4cee6d49892642a61ad8d4eb5e0cdceacba6ba25344d,"2012-11-20 16:52:14"
680,e2905c119870b888c64ac7415b25590eb64ccd6a2e7104f210626b32013cb1fede988c19dc58440e2010b2792331332e02c8b04ab8fa44910d151b5575e9b967,"2012-11-20 16:52:38"
681,7bda142aa6c7b50559bb4f25bd7eeffaec2e4ec9169afd88eaaa05b7138c6c2872fcabbd906916c05cc64ef19029b012b5fcfc7bfbda53a4ebba7ab21a217360,"2012-11-20 16:59:03"
682,0a2a10d6c8f66670ffbfa31be00f4e07fb75a23df68e293a7b656146952e2ddbacee3038182197ac41202e729a855a8bcb79720827823637f728f803929346ff,"2012-11-21 09:55:29"
683,3e0113d4d8841e7249a2202b99d2189e72d278cb4323f2d5762947a08d87d51025b3da945744825df7367d278ecbd893ff2821832de76b57cf93a6ea5a1df12a,"2012-11-21 10:07:38"
684,d42a52cafb2b2a8530d16f99646f552eadf9ccb442e5fd7b3dab6c774e4b32f23c901c355915228ac819377baca7097ea9ca6f916632daee61196f419a539e40,"2012-11-21 10:08:41"
685,4bc9d40bf7cd0bdd5db70847bfc8a287cd5fb8e2fefa16f73e7acf51f49ec907b43b6f6050417b1621aaff9103be3685cc4d590492215259167fa333fec20adf,"2012-11-21 10:08:50"
686,309eca1247da8035048e9fb294016fbd97b7861fb8f66f1987d87be435dea0d72c8f45ecef92abcf3a1277bb1068dbdb195ef95b81c5685e30249d69c703f4a4,"2012-11-21 10:09:48"
687,fd143919925e5d0e1e83600de36e78bce0ea7f39143542034e906d8999be4e778ad21d5c790299b496bfa3df3e808cf49025cb94f73adf11565b7fc938ba9d7a,"2012-11-21 10:14:26"
688,dc00e884fcc34c052c4066bfb001b074afffefdd65b0fe78817a770312e1c8204238986a0e7fc4a0a2431b59db568e878538f678cfbc1a5742e815fb91b7c792,"2012-11-21 10:16:12"
689,77bef937f9b098b77f4a9442dbf441d6bbddafd455a256199b12bee1df37cc78009f945efad345f291f69b2d4e5436573c1f0f105e2881ea77c441d350cfb33c,"2012-11-21 10:19:02"
690,cb291bdc15adf87d0394ae5e9154367f3b36e0625722a33253ed2b086d0eafdb202b571863cd422bd69bd70b9e329946b04e72eb48be7322d9a021b2c6890fbc,"2012-11-21 10:23:37"
691,8b993cd3c9909b2ead04fdf307943d8fd167f33afeadc1b889eb5f77d232ebab1957d5804a52adb2981ac9b60814e09eb1118c672644797cd86484ffdbbec59e,"2012-11-21 10:55:26"
692,5b39c039c2bc7d628c7c34a6e540d5c142606ace5d5b243bfa78c26a1ae5dab789f3ec6584c817f524767d09a49f4e7a51856cf6f36bc2ce771b4fe018108971,"2012-11-21 10:55:52"
693,08b53ac15844396e3a03fd39b21a76f00458decbe6dd6a62a92c436556fe6a1ba58f4c72f6c77dac526bb1882620064972be5ea05b015e03778a5c6cd4d6995a,"2012-11-21 10:56:06"
694,3b1caa523954f5aa80b8db60636d0fc3a32db158ee3dc99d71fcebd023170b0ef44d818fdffb276fdb62cee015d099de71969e5b173ec38b612465c098dbc7c3,"2012-11-21 10:56:09"
695,bcda39bdb14d5e5a5606e79d9b355524052be9d77bee9a732cbffca4367c34651d5359a3fb540ba7f48d269e62de1d9f9bf0235036d8c864da8095262593bc64,"2012-11-21 10:58:13"
696,e5c27c002c8751752b04cd66b4ef53eb9986c13741a829a7170c32856713dc99f5bf0681605d9b7dd0879a9e449aa4e4a567af9138e24cfe75154bc27267b020,"2012-11-21 11:01:14"
697,194c153a24186f642ef91bf7864926d23b759ccb8260eb7e3f019d65f6a50c4f30dee7649820e48cbae04986bc501939cef7c00fd23887ab09d33012da7861e4,"2012-11-21 11:06:25"
698,1c7e3ecde45cd9e24528e57915b43f1d5d239285d1767370f6c19b90581c5407ade7f40158f4b2596932d608236967dafeb4b1170d524dc9f1306df8a54e9b18,"2012-11-21 11:09:06"
699,a4dd6f39b2572eda353292f79783008cf43c4999cd65a64c7af4fd171650c59157e6d299f572364589462512870d07cff60aad12f539583e8554dfd0b233ad86,"2012-11-26 11:47:46"
700,73d279889513c1a249fb007e1f5d43bc00a3c811e8a24547da97c6a11693151593c9a0bf0d5c0522d0d1c5f2c3dfc5e1a2999e1bc02f5375cfbb4e56e78299e4,"2012-11-26 11:48:14"
701,2b3f0fe60afed53d863b854196a60a1680f648d9d9fd86f322cca4331667a591a1104aeebdf619af75df46d464ebeb1f732ba78f133836d9f863eb06557c413a,"2012-11-26 11:48:22"
702,d25e697efe12c7b12bc7baab76d950401b04ffe7e2588e0dad0eba518be9f0d09b840d9e5062f5cb0255b03d3b070e871002b16d87492f982d6f16c845ac42ec,"2012-11-26 11:51:22"
703,6e94c9f08f6116a3306ee03d0deb65018625c5349f7ac8332f0d20a063d5aeff21267c8a5c36d2512da8db75297b8ee1a91fac7852196a533dd5a0c0dd06bd9a,"2012-11-27 15:53:58"
704,f62829a9cd6c5d3e9cab4d2bd7e5e18d1e51db9eae1e4a6a1e5127e1e6c0280cade3ff7432e16f02bf1dec98cf91367e271340f7849c879d6678c9aa82ff5a7e,"2012-11-27 15:53:59"
705,2pJ!RÃ¤j)0Qh?G9&Wm12Â§v3B*DfF(ThkI,"2012-11-27 15:54:27"
706,a678be2595d751444c1e601fc24c3852932826dc10020aa38b37c00f6a588927512c1ac9c419299e2b93a47cb78902484441353b4119f779a35bfc7f26740ba9,"2012-11-27 15:56:56"
707,c7e0a57fb47065b3991653332eff0be7e6e11072a6e514d64f7a75b49153ba1b8bd769ac9b0b633cdb6b8c550d1abf72987788a626160331c89e5aa59ef57a40,"2012-11-27 16:07:27"
708,bb4fcf226d1205c374cbd5cd62897452ba3df1139c2ac0f6f0479145029cf8e210366690f9d578613b2ae961dc856c6f914a554ec63f409f3535976c7df67aba,"2012-11-27 16:16:31"
709,64b2f0ef3705382d2f850857d0da08d67d04f1e92c84401c445340a04b2260e1a9b14a4c8687ca372e485459db9cd70e81414579f4afa6ee506c24312580d254,"2012-11-27 16:16:55"
710,8e39622355bb5441f78b187ed2afed5a051d21b62758bdfa0d2823792ab15dd9be5649235461a1991c792409514194574baccb5adfd40b0c8da537e28eb7efd3,"2012-11-27 16:31:10"
711,ceac8b2d112f4a8adc57f6425410e9ee9c7ee31ebbc2ac6e1cfebf05c75cfffa4a802fb635ed3ea076bc0463c4a8af49a9fdcf8a7e73cdd92ce7ef08fae02409,"2012-11-27 16:57:54"
712,3f2fb9be53c1cee2d4086200ae93623ede0218efdddca299b5ed6547b78cdc973f962d58995d838c0aa496c6644e20615042ded133fbe18f545db54dbe55c50f,"2012-11-28 10:41:46"
713,10725542fed32e2068b7bad5b87d0be3c213b06ffeb8769336fc014e1caa3350ae3d74d5b9bf0c6413d0bc5c4a73a40fc1dd21dd6d13c7bbe8aef731508794d5,"2012-12-03 11:50:00"
714,ae307f003b42b4396daef8a12c9df41746fac96796188815734136384d9e90950803ccc352a031f9487e6fdd66c1733f827eb8dae61b070fded6680f43d6ae33,"2012-12-04 15:52:59"
715,1f173ea2d77c845cef8ae4fe477a8c412f30f7effb78d693fdf87bc46e2f1a91e20b3004bc295673d62baba0c0394aff0f0ee98db06e17be1bdea3e0c23fe161,"2012-12-04 15:54:17"
716,645de307ffd54e5194db6274aa9e2577a0f32d80512157b5677e51b3aabe0cbe49848f6559bbb71cdab076f5beb26f41a728209bfd2daca611a4ba7f4b739fc3,"2012-12-04 15:54:39"
717,314147e41e511a1ddde2c6903c47285d0b6c6c4e7e5eacfc44a5dcea3fabb5f9245c5d4a53255f08b838ef7da2588897f0384844d4716714ef2cf0b1e050304f,"2012-12-04 15:54:43"
718,46fa5bc5ce68baf2a11498f222d3700ff1158fe5f278d573dfc0abe64c3f595433fee258659045d8cb1d515388e0087d56225c54c20a7be6d9456f1907977e34,"2012-12-04 15:55:07"
719,0501c2609da06aff36347282a10bea146608d139a82b601fcf8c55a19d0093260db46a411bac694f0aec6128534597718571259bd09f5680a72cd8b0ff014b4e,"2012-12-04 15:55:29"
720,f843b981b418ff6732b9ebe94f3877145820601f664b625f2c2f24a14ae69eb3434df5e3a3d03abc154c0b6266698110f69e9c9004184839e9061d9beac26392,"2012-12-04 15:56:12"
721,2713893bef60458cc775cf733b355119a41467371da8ded4465fda649d97d987ebb46c30809dc92e2fe893368d586c1dd23a3c7c30c2b0dc0c7450a044445c07,"2012-12-04 16:00:09"
722,7a9a3c91e93a05b2d8bf4e33380a7767db4d48fefa60b8ad64be7e855ef7d726f14825ae113534a7d981fa08200cff3e2652ff24cd2db83229e52becb82ed7be,"2012-12-04 16:01:20"
723,796da8b6cbb449748fc1f60fb1f1ad10f55e55e268a414c88711897367006faa2de11cec09fae6b63da8304c675650f76649e40b26cacdda7c276e408fb2c800,"2012-12-04 16:02:31"
724,3008810ae7a012836ed31eb04f7ae8dc5713e37eb1c01f06cce3cc0ef6c2dc70672522cfef6aac5dfd727c4975dc85cf7b18dfd9caaade424e300fce3f493f64,"2012-12-04 17:04:08"
725,4183cb0bfcbe9ed4110a87a899c5385ead67c01f54d7507269aaec85a913dabc34f2779044861b615793417898a81a2963df994e35b25dedda99ca603e0dc2cc,"2012-12-05 09:58:45"
726,8226cf9b33c2353c7ef01c6aa4b30add5c1ede781507158b2d17b1cb7b4a13fa9df206981581ca433993f60735f85c80dd10301da2999b211a3f5a5f4cada0dd,"2012-12-05 10:17:20"
727,7f230738891fcc5efb7099039e507c5e10b74d4c005c5d440b27cbb6984704dae107c5f2adc104685020ab28b54f50de3d1e175981b5cb3479e9935f89c9ae93,"2012-12-05 10:28:29"
728,82749c31ad88bf621b736a5e1a36598eca8ef8307dda3ff83e6e35bc8bf14d5ee6bb5ac8a9d6ad38278d1efd6f9efe13ec075845fc68cfb975e13d6d1e22b4b4,"2012-12-05 10:31:29"
729,7a9dd4eacf03fcc969eb26071160cf5514f8a15861b4df58c467f62445b0293ed7b5844031335e9405b9051fdc093c622573a10851d6f69472a59932dc761306,"2012-12-05 10:34:52"
730,1d86d6608c88062683157662aa09d0909ce22c89fadd4357edc51aec641f89f7be4bfb529f8cf93d8dd24483b3597916fa7a095e328436af22309b7ae8b93891,"2012-12-05 10:35:24"
731,7d450bfa443e1474fecde6c5c7a604ddb842de5ddb81e19909c65c31156fd8a8d3b52223cc3108580e7d8f5efb3f6a8b454f5d75478160c999a6611f88c834eb,"2012-12-05 10:35:29"
732,429e68a2d6e3b0cddac99aa047bca7c812e196d9c79bfc996c08fc1dbf8463f113bbb1f19905cd1dcafa33416cd97951d471bb8a978da63bd15c10d56145a0e7,"2012-12-05 10:59:29"
733,5570ad042c725625bd39751356e81eb27f373ccc283d4e6c2747a947e40d152098387a9bce0e2be30991f9d7d13b5d40de140bf8a1b237e400d445430a063ea2,"2012-12-06 15:08:51"
734,03eb33d12ce6cf329c1681b97213b972c1fb9847967e5f057e60425f8f90d92c49db8bd43f3cf4edf6389203070be874e27ea8a594822686cc3e06ec25b796e6,"2012-12-06 15:09:44"
735,128b3c817c6ac93f271b17f3b68b216072adacf63ba1ae0ab7d7215219210ea9abec314b681a3805c6ba65b49537e0e067e22d5f523f03be9a4edd275d67774c,"2012-12-06 15:16:51"
736,2a3871944f01ab6b3aad30a1a9eb572681a44ce07a2684a749a5c5924aa003d2802b792cf21766a545008feeca226b83e4d274128522e7d7bd8830a8bb7fd925,"2012-12-07 16:37:23"
737,9a90c87d212d0c74359834cbd168457ed9d0f73efcd4b36d60ff4de1e706de26f5a4ecb38ed373eabb51940caa4b5d65f829d69ddd2223ac83d1e874a312414a,"2012-12-10 11:36:15"
738,a191c278624c39ca77d1276664334fcf64cebcd72a2773f3c80e7115c5123b1f92ef6a9ced5762a0e8d761a03c6b60114bacd4d47b32c474b4bff970fbe51e9b,"2012-12-10 11:36:31"
739,d188f7fbdcc628d0630e82ad76cd16be87af6f00623470d651d7e220491d5b8af0353995a81114dde0504bf9181eebc3e2e1abc585ba14efc2c465fb9d60fd01,"2012-12-10 11:37:20"
740,ef01753b720413e4dbfb7dee60c958956bcede4af0dc294a2af17dceba5866aff045fd73d10489fa48d56c0fd9891b6c83cc64028fc3f8e78d1f9600ea57ebe6,"2012-12-10 11:37:28"
741,30300214e9d08033f5ba5f126250afbbdfdb180ddd3cf9111c225a70e602375530ccec7dd00cdf3e3e164ad1f7e34343d1b4e4c8f94b10a5578fac867f94fe37,"2012-12-10 11:40:40"
742,6b0f7929ff17f9fa15721fdaf0d8448abed6566c6761e756e75f217a68f32c52148d98b9909f73a79fe248394aaf77f3d261167c164d0f83cf9386f7d4c8ac12,"2012-12-10 11:45:55"
743,b48d83fb452a2cdea15aab6e403ac0296905e95599dc398410a93d08a2349cdc3d1ff77026dc3b1304fa9825dbbcb0b96e82b4c5f2b318ac01e307036754cb22,"2012-12-10 12:07:01"
744,f99f39b122dd3f4eeb33a6d99852cf438cf011b970a4a3f8673ac1aaeaf373da9310480fcef892fdcfb105987ee9ee3b13ecd84cdd5cf5edf76131927e344b6f,"2012-12-10 12:07:13"
745,1975f34205cdaa32fb1249a25e6ff6ba3b23b673f45f429e4660234fc57e8a64566cf5547205cb6f1ca541cb62098336b2e0c30e4680b58f7cf1119e8f1e19be,"2012-12-10 12:15:19"
746,95f83fdc8bc0472c91a4a29c1c5e8eabc10357c8f16bac08dbd69f1899b97914d09ae7b142359ae16c513312c5bbf733cb24522fd5f94b48da38366a6d0dda46,"2012-12-10 15:11:47"
747,6bf712686d4a597ce20b16e46c34f01b02329eabce30842f561716173e642860040168ac7dfdcf2382f3b43089ff26ae4d7d167870aa86707128e8b3682cee4b,"2012-12-10 15:29:59"
748,ec176fed84f33f02cf5cf8eb0220b818546814616b7a420965f87bf6afe4d7de823e0764f36f476d2ea1cdc4f54a2a57c97532c623eae82c0a505a5f5b26fb92,"2012-12-11 16:58:10"
749,62a3b00b090654de9ea68e44bb9115fa03835a49891e0f2fc464d8d39eec71fbebb30ea3a4a9d13281b8c6834955323e53e4b3aa79c3ca9808f727328b28cac4,"2012-12-11 17:05:06"
750,343ce05e16125ddbc99f118f196eabef6a9619a3805731e9d6a53533b5075e5413c5a289d2a0ec5d389379271281ca93f3d64bbf41ff354d666784647e06a8a5,"2012-12-12 08:37:29"
751,e055564d306fd6720a1d8093c7944d93ec0e147cf3949c902a43abbc73baab9e16d511acb811d05b5081a7c9b0d18fe3a6044509a789a0a8fc8f37b48d81e8b7,"2012-12-12 10:14:27"
752,70633b1f066b6ca9af6ec2a7d6d21e8e9164458e25ffdc4fd41a1df3878d4e9d4de4d46745e580a99ba0d4ca4bf97777f6cf90611e215e5d7db767353f910059,"2012-12-12 10:21:23"
753,3911079238710a2c790cdb70279b5d02c59b6a67d3094f415bba215d88be849b44d43f5b07188769bd57205ca9e22f5c0ac66e6653c24601638b34c648e502f9,"2012-12-12 10:21:31"
754,6f44e4219272b90d7cfb08f081e0e17315d0a0b714993a44d14de7cbb54f911640313c18528900af35dae01b62751ff0d62f4b7bbc3966fc8db2196096acf3d1,"2012-12-12 10:21:34"
755,0ddd59292c2a9f48b69e7dce29f88554181e7001d2f738cdc1e5fcabc50de734e29887cc1b2147a8177c3abdb414f33e687578f8ab48e5c6821eb670ff34344c,"2012-12-12 10:22:42"
756,cae7558364ad637b08f48a2107defe082d3017c29e1a33bd25932237ca70601628c1277148b56b9014d9d3eae674366a7c5aa6545bd793b90e66ae5148a50ddc,"2012-12-12 10:25:25"
757,d7909ffb83a4f5068f710b0619094991f9d2b467cdfb44fe665ac017be2fd6f7efa0df3d17f762ec71cbe7a34e0046413142483cb8dd0038f9aa2fd601868be4,"2012-12-12 10:33:22"
758,c3cdbdf7872bf098c5eedeb20c6fd7a7d07f7878753cb14a810d5df3fba8468d33f5851392f583e24579a29207126638afa0ee908f241856b508634b9ca30edf,"2012-12-12 10:35:30"
759,90ef14faa83ef344696152787dfb20c4481342b466d553c9c1af93ff6e7bdd648ebbafd1a67c0ab3399a45f76ab188730045553a2b4bbcd5aa80cdb6c0412a23,"2012-12-12 10:35:43"
760,9f10e04bc007025012323f7f51036f26b697dbfc31d721e55519c3dcb7a47d4ec218c5b492b04319c45901b9bf87869b549936ef9a4c0a1541ad4884e97bd081,"2012-12-12 10:35:51"
761,356fe1369e82793de96601240506be3b2c4ea250fe5a80de86c23a42be84b0c4e4c75595926efb3cecba51596ec0c8d0b38ac6fc87bb94a25119b174f161f02d,"2012-12-12 10:35:57"
762,8c26a339c19dcfa2bfb827dc9ae248951219ca15735ddf8c7d2663ea21c008b29a4a250d1fb76e42d03299b874f4aca53634de37796a0b1852906fb5d3c5417d,"2012-12-12 10:36:24"
763,3067eda0483617bc82bced207d82fd0f5b7c3bd2f9bd43f08c5b7e7d71a0700db748e1422049942bcb5812fd2f9c2cc113e0815aa708643bbc457c3b1a969cb7,"2012-12-12 10:36:25"
764,7f14b013a981ffd931ac342c356db4354d64f7ffe0ddef97b0b605bd3860d06187a5803d5d8d295db471b09996b9b9d3ed906b3a3bce499d10e41340c7e50bc8,"2012-12-12 10:36:39"
765,cfc67634f3367aba634e1f36823d49702a4e9a278c4131858883ca8cdf927306bf23554d30f0260562c5b762f03d184628b91db9a75a1117c91f51863cbc8759,"2012-12-12 10:37:02"
766,fa84a17f91d3ea8647c52ca4dc1b9e157a1662152ecdaf5bfd1ffddae1e5f851e1eabe36373c0344bad252cb9fb3e04db89e031993c2377389beb7bf9e62154e,"2012-12-12 10:38:59"
767,af8325d418babd7bf634ca65b62a2967c9c25718befb7d442457ec8c7eac2bd1d73349242eb2bf9f4b55b4008eb97361bcf9d92a795946b21288c688401626e9,"2012-12-12 10:43:50"
768,d785c2b12bbd33998f94e5829b22ad13fe54b2fc695ea66c22141a08e6e19a5b1d76d5ed66adceb73ca54e10e142163898faa5bd29a42291dbd131502eeaf622,"2012-12-12 10:44:44"
769,78bfccc757de2bff99b66b00b7a18c06fd16e79e7053822418cbe5816c92ab1d3ad41558c30bfbb9a969da73927d04fa55e083a1db595f5d9456d5273cf257df,"2012-12-12 10:46:34"
770,dfed184df315f0894b48e64f34ff2fba607d31a3931321ac7010b006484979c359aad45e6f32ee6fbc3897bedb832162eaa64d13ff78dd48014c8599fa1b47ba,"2012-12-12 10:55:26"
771,0f639c8ff59258523761cb1000655a649699d42ac3d0b7a36a38a19326a5b0efd425c2cfa6e81c8c97287ad584e957d65bab832683524720b2e0bcca5c39d181,"2012-12-12 11:05:30"
772,c706c91681781ef7644f7865d09e7231099ab6a0ba51cae774bc8827b36fdecf97b21b4e94c816c372c846b768f635337b9d25d3c4a80d5019dcd7e13de3441d,"2012-12-12 11:05:33"
773,529d65e1a9095660798690cc4d965fbb4a4c79d237b5b0f0e064f49f91c30b39c4dc6e728b44ea517579de7ff596091a12f5bac63c177351c00c0d0760e9cf7e,"2012-12-12 11:05:52"
774,73f7b5c2dd81d1381c549e10ad963147d3b104497ec88a9b6a31ed44ee6475dd041b4d18ceffc4cb38b50f626fd1b5a76759210042fae5b1b8d2afbef6bcc56b,"2012-12-12 11:07:34"
775,d22cc30be4b5ce2dd4f883095b1df4b9f8a1d215de98db0219b28e82d1154426aeb1662a20e33bb456245c998996f83f35b147f0df47753c9c9cb65f90797d21,"2012-12-17 11:39:35"
776,6cd57510190c51ad74b84508601439a2876ea05f3d35843a4215e3706ca8580702dd306632d298151ec3357ef1efaa23dc21c98d9f64cb63ddb37683e1fac9db,"2012-12-18 15:58:43"
777,7341149af1b75b243807afeb9e2d68a6be54299d9d7e9d8671c9338420a8618d7cdbd906f00cf6668c2282650c65e5b6476509ca361c529a0b8e740e6ade482f,"2012-12-18 15:58:47"
778,b6127a396e64087830e80fd74d6219247d79cee1ba66af019067b6bc36609371bf0c8c11359137fb747467b2dec816617892c9e90ae95e05788ef8090c37b61c,"2012-12-18 15:58:50"
779,d7bb541e3a6e277b6acb7bba521e42f3b09bf00626b99e062b491483c59b8765c4ad0374fdad16e8eec5e72973470b2ebb51842383e682e67228c081b1117a20,"2012-12-18 15:58:53"
780,06c54d9d33534b240597d5ff8e6ceb875339de1e21e4ceef11ee96b9f7033a1b23c405fae1fddd60f6aef3e190328a77550cdb2f24eb7d29a667d70fc63c3b7e,"2012-12-18 15:59:01"
781,f13d07eca1340f51233325989f80b022e02d3a7fa46fd6c4f027a0e95cfcdd6986b422346d1f15b00ed2c95179d8df99d7cec49401245f6912b8fab2d90525b0,"2012-12-18 15:59:05"
782,1b3f6715d871eb8ca144efc043bbaae483a9ef745d9dda608b6576801af952f0d75bc9bbd37390a0bac0e6bf3e662880c1d4f3fda454587f6033d01d28e7b531,"2012-12-18 15:59:09"
783,317ccc7105fc61d6ea7130b552af298778152531ef76a2bb3b9fa9cc8bfc047808838ddfd4e8e1e934b53dc30755642643d655e6ba10708ca70c593ae7b1a6a9,"2012-12-18 15:59:11"
784,bc632c4fdc0cc5cd1c9dfb2d48cdd9198ff5bf88ab9a7a55852e5971ab07b527d53790f204fda3d7c5ad16bd920cfa068bbd3ff5fab0118ee89e59b51fda4bc2,"2012-12-18 15:59:49"
785,081ec50baa8f07822e037686c2d447138e13531fb890f0267c6fba5ed23a6e297748dd7b5c0dbc6950ee1e003b2d1c598b446ea0da3bb620d172ad40f24fa2da,"2012-12-18 15:59:50"
786,70ea6685cb2eb86df396eda7c51568ad2a841679506b64c10c48b8d3f9dcbd33ff202dbd2586c43335e8fa0c796652075b7af8830dce17e49dc7e99efb16e218,"2012-12-18 16:00:12"
787,883ee01473724f5c4667904e126aa89044c62e270f245b77dc8f6224702fe107b3f7d632aee43f618ad283443c52c8803bbe5369edc762e1c30b1cbe89125900,"2012-12-18 16:00:24"
788,2dea5488a0ba2f874316c3da7d29eff36ec1a8900ae63ced197c778c9a40bb8226b49c028caef2570e6b2ca42a47ce86aacab879ca89c1a716d1a3ae79c3e15d,"2012-12-18 16:01:55"
789,50186511867912f09f2e404bed9a2f3cee0f490c175ed93107e7e3cb3259a5b2a7bf2d3b94137533db9d3b47e0dc6de5f5b3e474f9df01a2deeace577946a17b,"2012-12-18 16:02:25"
790,089907530213fa8f8ac818c0d4447e6a3d7d07914ffd619ac2b9b677ee069419c66e77721e84ed9640e307e17c531b08b6d2ced430f06ade6bd438a7c48a5762,"2012-12-18 16:02:57"
791,7f92702770782c76fb5373ae86cb69e3e072c92a131edfa3baf0945d55d366b0f7c71b07afe7c7d3159d42cc77112666d96ab14c1521e052a696222247ed24f1,"2012-12-18 16:03:01"
792,a0b649b10ffedb6d8b8fcef9b226fbd34a920f04951c72649eade382c1d4b81951f4deb4676e7ab0f6be5e7914ee29c8163163f8db1e63acd8d2b0ac9d6aa260,"2012-12-18 16:03:03"
793,3e5f8a84ad04be761ec9cccbe35222573934f1a0f9a3f65ad2cbbd4b15a68628927757fd0506b2130c92009b7cb3f9d56cbf708f829c15b8de3655cd9574f8fc,"2012-12-18 16:03:36"
794,68a87ec661840fbc27da404dc4365f2db97da8e84fd18e42279d496593ce77ed7d28afc1db182905622f7b942a79e619cf6230d7c5c229fc1b89b14a42eed1d6,"2012-12-18 16:04:01"
795,310b70c229fced36a51b8ff07afc2ec20d5b8bf364170924439103df6d3d91568a59a4e7480eb6086c1e622e621cc09427d218378d7da2341a84e17f321f27c4,"2012-12-18 16:04:22"
796,9cd67a3680a1c68cc7aa8270747d605c374f54c211872d0a64ff45f787dfb1d6af48b7a4d106ed48ffbe8d16453c59665f08a7336a3fd29454bf303c0f904373,"2012-12-18 16:06:20"
797,9dcc2f338219b3c91c745b83d622c8f1b8bd8b7fd9c06eac4b917340108c924a22ec0dd75a37304cda24abca3e52b4ffbf749b563877389509e135400b197581,"2012-12-18 16:14:02"
798,336af484f15e603db1cb57c84d07a36bc57d25dc0f0df38b6a02977c5e80a2a1ff84c9d52360228ea5a757a3cb5e3f0f208f15aea3430d26a502cfebac5c9d2f,"2012-12-18 16:19:05"
799,6611c68dbcd0a03e2b635f0d3a9992b0fcbce3fe295cce70d325b6b283a3549f5611be615028f6bf1034112e4a32219e92e6ce58a3d8279f3314788376e80459,"2012-12-18 16:19:50"
800,df3489d379bd68205dec250ee78b3b3c5502f6de4d9ef4f24c1d594938608f7d82c21b63e7ab34e777e22175c1a48479748c0ac2f8f3a50999e6ae03eded2a17,"2012-12-18 16:20:53"
801,6b971e02bf086afe601c9c909e421556f467fbeed92f6ab584067cfef0ff005a9018f26f3c07eaf6126a849f2ff1b6b189d1f1f79d6509f26080b4f81e0b104e,"2012-12-18 16:25:40"
802,56e9ab55a7731f46c50bd28e23b78b43a5c7edd7fb6ad05d18c730ee6e7abccf050e5859ca293582eaa4b82890f7aacbf142e738beaac43d435b1b9f1af1e34c,"2012-12-18 16:30:11"
803,cece2fc9ba63a0bbd48db8bb9c6913082b922cdfe8f4d13ac447947e56815d2b7fd04874f82433148f2ce2ee14779a79037886d8517e4db508cb3ee3458ddc59,"2012-12-18 16:30:40"
804,98f0432e0e87ad7c433e17f356309f47c26a93962bc45c845533c9489c32a52298a68d0c19b4d315435da10fcc2c7801c58f483f68938ffacb779dd6f7ce1609,"2012-12-18 16:41:13"
805,ef1ee4781b540631d5459840a3bb85f3250206d7cac2fee72a199ea707c35820181a92f0a65abd824c32cde04e96db0d9636ecbf4ed53e1a74d2f44afa3ef6de,"2012-12-18 16:43:40"
806,e032c67da2897cc0bad58986ceb448189ce749fed6efd8ee0c2eee75326bd8fb8e02f71c7c004993d2fa2db79ff95778b5046dd2d6f8f5c96422ac0b103b4438,"2012-12-18 16:50:01"
807,898b97c78a2ac048950f6217b4c50b82e51259923fa2760476d58d4d7fec86b709983f77cec533ce6664ffd3d67c059fcf3c7509b4bd67e2c383fb0b0e519249,"2012-12-18 16:51:29"
808,bac6fa7177f2a553ca7cd0fb28e691358890cd9cb890f7db0223624d64389730db67c894ac075625d5363e9f56b1292c83f802c93985d477ae1581eac47fea91,"2012-12-18 16:51:50"
809,f538896de91b3d62ee0d7350d55671e0a74c4af527aa7765e04550e51c9c62058f2593cd107807420534820aed7f94bf8d62badec7fd7296b2b76c80b60146d8,"2012-12-18 16:52:21"
810,00009f04c48b4f43ed926d37f03e26c7e3ea6c093f75ded2bed76964dbdd4bafb7c82739ea1f7807cf719c48404e0c99d719d5b06fed4a2aa317c017004c35f1,"2012-12-18 16:52:29"
811,085a4cd9eccf05d6a3f3f4ef89749f0aaf1fac2220dd3a753ee32aaf1f9a65ecf8158f73ba52b6030657ce4fca15c31c1894f438d6ec5b02beff882ff9f05f6f,"2012-12-18 16:56:34"
812,9105ee4555252572cca64ba5b33684bfafff985f060beae6788ae6fa51271c0209456934f2e1c084c4363edd15c4a074670aa2fe4a37caa3161cb9b1cc7d665b,"2012-12-18 16:59:24"
813,5a0d7b36d7b4d0e8a6cf275872c8b8062982bcc4c4c37443e015ae28d12b7d23f47e2bed6c2f9262c855a200218f0c23613abb1ddd1cd38b4f2e50ec148759e8,"2012-12-18 17:00:50"
814,ed44231e86092ece640e6a20047103072339539dcb9063f3a23a45f8f2dd069cfc768e340e6c12fc300aa62f17a4ae8739e8983f45530485bcd2b795facc6cfe,"2012-12-19 09:54:14"
815,58aff47f010be134d29cb32a863d28851117e68c6f46da112af0361cb43022914473815b113b37433ac58e6a26b5cb7176e4ec12bb2be19dccca5a8497c18061,"2012-12-19 10:00:29"
816,aa7b801bbb9955eb8e8a761f508f20656d43a44918e5092c45c55541561d8790551b1406ab13206a36cb8b33afdf508072f623fc69f66c94fb04a129ee66d211,"2012-12-19 10:02:08"
817,1e93b41d17fa4bb55ff2749451c8209dd8ba37320dbe9eebd894f0f24ab0318df8f838df4f4e181f50133bbe711cd807ce48baf9167a0111e2d0810f75b6bd80,"2012-12-19 10:02:09"
818,524fdda99c134c90e2f3b3bcd42f37980b09bb849fbb9a4eb0093ea875defdcbe8b3035088ecaa72a01e6cc5eda96d961844eeeaa8c9f3cfd5c60e9b4863fe17,"2012-12-19 10:02:20"
819,9f625044beb399dd3334469441f9de7b503d73af934897eab2f892419e988285fc4f4bff198bd0273cd089d414d1bd4f0a71430476c986160437d9633d984f02,"2012-12-19 10:02:23"
820,4b8ed7cf25e651291e3aa6e65bbf41ccb8862b96d9fbf859a6ac5f07b3862549d6a34a4d93a9b9d141e333fb71cf8ea014a879308014bcfe7e472350ec42f0d0,"2012-12-19 10:02:28"
821,9e985ad853523a77d4fe4f7f66ec7bca948097b67104801fa70d9c826e35925b181136842fe861abd8ef4c6c9e60cb7e7526108711f88a613e3a1784467cf372,"2012-12-19 10:02:34"
822,96662c0b36787e6e127cb6ce41d3f6fd7205b24be0fe35dba18100dfc5c3496f97dfec17749fc65204b91012ca220bccfd06355a95654832034c9230f78feae6,"2012-12-19 10:02:34"
823,799128807d7e1a7c2f1e0af2b892328e6945e376178bfcce024e100cfcaba88fe665aac80d561d7aa27ef2af0758efad592a87aebe2b0bd1e770975ed7774e19,"2012-12-19 10:02:44"
824,ceac0e549f516beb752645c154acb3f3cfc0b7a267fce6e9e5176695af889242abd9f2afa6060110e43e09b72e15c391d0236f658cb392fcc444b3c7d1150279,"2012-12-19 10:02:48"
825,ac46f408fdd6450cb65bc8db1d26f408023761213de8440fd563ec5dd5a6a41270133b165bb53472d0a0ee1dacbf5ee71cb2fda83b11e47f54e4da6d4a994a6a,"2012-12-19 10:03:22"
826,597d08bcf086f80b2c4f3c8ea3edcf61fad738166c7ed776c02e8b6a9c9527a990d8aed3cb4513e844799a95efba5e60b75eab0664bce6b260949e6dd91cc0d0,"2012-12-19 10:03:24"
827,6a25646bfcfef5e986a93190d4acb9c2f068bad3f6192618844ce11db1a5efbc1417537f64696453fd2491cf82f3e8b63a38b5b30f3df18cefb047de07ffaf10,"2012-12-19 10:03:26"
828,8d211ad3dc310a549c97da69c0084ee876cc960085f4691548e9fe65c9dd7903051be607119fdca8de279ee2f487ad3041aa5b580e15ed4be7c53bccd8509fa1,"2012-12-19 10:03:27"
829,df83da8afaae1caceca21f22332031d785c624e4b74620ffceaa376921983af14c658ba1944c686d4ac2f827540104f743fda07f88dbddf6ef6c8503956bc2cf,"2012-12-19 10:03:31"
830,47eafbc3b493982e100518df331f8aa6a70ad8fd62f5fc21dcc0f5c5e6e7e3b6211d8afc20b3bcf564b361c5743d30bd6ccc903d2bfd5bdef356f6631227d891,"2012-12-19 10:03:31"
831,56cf95563078ccf85213b2af726ef56122cb4789d8c443ac71c5114273b4a2d666c048454e8dac69909aac333957f6fb8a32c16851a30301ab24f64daf7d4501,"2012-12-19 10:03:33"
832,4722a92d2c35279240d701357130b1dcb782f97c03f21074178ab4494e19e1b7098df8c1e4382aa26a55b28d2ed53861d57a5a4c3f2c78c1f246f2fc3c5cfbdc,"2012-12-19 10:04:01"
833,b4496e48194b39535f825a217a777d43bfaa0401af55b91dd432df710abf60467f4676a92e9a3b3b0007ff12c4aaa057bfdbeebf5977e1707b076cab8fe5f29b,"2012-12-19 10:05:04"
834,d5d4cfd9309b5465879d6ada2edce3b8dda744212c6918ef05bdbc73a0cda6eaabf46b387a39201063811f0a01e402427b6240e92a21d436b9ab059df04d513b,"2012-12-19 10:06:16"
835,10a5c7a4b53935d0e437b3ff1fddf2a950a5a3056f3111b1cc2cf2592bef69520746725e3cc1c26a50cbe4e327333e32abb266eb91c867675475ff7d7a911a2a,"2012-12-19 10:06:48"
836,0d1ccc0adbddf8087dc1353252e1b7845e1bf871d99f9502303211c2c9ba9eb8a671780c75b6f327f0c980e8a6153a0fa6df47d36d53a40308f9af9dce0f355a,"2012-12-19 10:07:17"
837,6ce7b31b59710f0d6a10c339dd7f171c9adcad62a3821d11bf440a0869cc288b7d0aae29fdddaffdd88d208e353a90402afd73fdbc0aa58af6c5809fcc7c88bd,"2012-12-19 10:07:43"
838,c303c21e930088400af2262aea32e55031bf20df337f146f392f75652c33ed3d2248e70b5071ccd3756e23d5ffc79932a4c5a5029de23a6436987b00ab21ff2a,"2012-12-19 11:08:42"
839,e623139bb377fe79b375f19e44d11820c4419d87ab60c4d90f2feed07475467274ffb13f82b1ce6513cb9a10f93b373cfa86645d76c4fbe20725c9fe57506454,"2012-12-20 21:51:54"
840,ca380740faf3bd369e8756400344de178945bf79b56a31765bf8da442830beb72fcb8da744753cf828f635988706cdc1a83a02466daf619137e4e2416fb14d66,"2013-01-07 12:00:20"
841,6b55d7e07145f0ceaf7eb9b89a7c3e437c72d5b888922273de14fcbb91a9401b0d83d027c333f6834fffbd4ab57c88f9a5f77bbe09e1abe30d04887adb0889f7,"2013-01-07 13:01:20"
842,fe90d70b31db61352cf462eb72ca82b6451c021f6257a7682f3ad9663fae0e675cd58d73faaaacaa921c695c64f9ba1e35a6b847262fee1ddfb357a1e67bc5e0,"2013-01-08 15:50:53"
843,0351a3a4776fa4679c5795d536fe8dc12237db187ddcfc81b16e7456fe6ea673d09ce5e02448f971d7649b72280a57f10349979b9c3c74bea1697c4a925cfc16,"2013-01-08 15:50:56"
844,989c6ca8091601c46b1e45e9cd8990569018e27d5b5c7c073e3d0b7be018deb22e724e34682456ac7037f9cac8f7db75ca6f8bb703613d334e53ef15f0721d79,"2013-01-08 15:51:10"
845,a6d92c999448a5d562a8ae8db609feff7b4cf818ee11a102fcdd7ff63b5c92f24cf7c2d0c984cd34b0e1342918c9845fd34697de5b449ef60ac8e341ecd1a128,"2013-01-08 16:13:08"
846,4d652f6f9b2135b6190db2318a4b2d30bb5fe1aef9fc9cd6422c7aba6598658934cdb0d8eb25e7f374389162fafc933629e20dd5ccdc6a1944bda77eb7588cba,"2013-01-08 16:46:51"
847,202e8521c192f424f39a186fa363726051fd77bed6d47dfbaf7d8904ab378624fb062ce2b9b21c7feb361fff54b053d0a3f644185967824244578f6088640ac5,"2013-01-08 16:55:46"
848,f547b6d73c425feff74ef6f2728ef0e7b69ae84936cc3b6ee755932ab3289b8b83de06d7a50184bc64fa0228ed72d0c031979da39771eb2c6161716c0901ebbd,"2013-01-08 16:56:16"
849,bc70b18c8d8644718bd94d64cc65f9ce4609aec1be9b91b7c5b5476398679a5309c2067cd87673c9dfb7c0db2b0f5f614dfa21eb5a62e8a057a6a8eb0740667f,"2013-01-09 09:50:42"
850,4e6aead96b7bd6c1ba93b38f7e13dc99ed2f6cef1d450b300116212cf28ae3f4954e03f44c9ba6bab56126f98ca57a3739f027087e74abf8825e1d7d2657f45a,"2013-01-09 09:50:53"
851,f261147ff4a7362479ea3145372577a6865e01030fa5b266334d6f19724c97e8f98545cd71b6be54df10f5f4ea00629f8cd062b2264c966987a0cd7f3f911de8,"2013-01-09 09:51:12"
852,3b97ed2e87fb3d7acecdd967a9ec30d2c8456b3a1bff2b98ea3eb043ab25bd53a803c6eaae54b0b62834d475e51967494007359396687fa8f146faec98d03340,"2013-01-09 09:55:17"
853,52abfe4ed80ae17fbce70a5f983a590df74a4f087d127fa04e2f4281b0fb2568a5a5af8fafe44d6a5ba8743c096727f4aa92293ca744ea49c38f6f85dd20dfd7,"2013-01-09 09:56:05"
854,94e56689838173ba5dabe25fa8cd5519596277750b4ff25204e6b5c2896f59eed3d5765be0eba0c32a86481a528ef28588a98dfb0030244cc0a58ac949092654,"2013-01-09 09:58:00"
855,cc11198f62ea72d663ba225772db741a614c7822dc23f14165a269239a6c49d756623b6b53f700f361489edf47680561d909b942ca1805f8d42eb208b8653015,"2013-01-09 10:09:17"
856,4b890c91602e2930d1dc6fe80d2d15b13e409862e54fa274e83098c78369e59085e10adfbf0d32ee4b792efea508093b25f8ea551ade3f8a6267a22c1b8d3bcb,"2013-01-09 10:10:31"
857,833fe818b0471bfd58bd0f3c59fa93fa0bff8609ebeaca0818ad10ac71a603d08042596756942c14fc81a92e534dcd5054ea084beff61991b13c5e86563b448c,"2013-01-09 10:22:18"
858,10ad82e9b2c3386bf0e22d49c9154f202208778415aa90bab8e9cd17bce70d3519116e60dfaee4d635bb8a5aaea6a54c90dece117d1c806d604572e5708cda48,"2013-01-09 10:22:19"
859,a5a10dd7e6c0aa815f8b609801df709aab3426138c47e860bcbd694f1f9ee02affcf9b483fe2b8f9212e85833bfde3caf9ee41b984b7fb6d692db73405c4946b,"2013-01-09 10:26:40"
860,0507491175a09f91830e595731e5414c4b86e93cba4ea87273fffc08c5c447e24833b0c3b4c6f5bb0906c0c7c0e91f5e065e99383fa22e355f22aa78f3a35361,"2013-01-09 10:29:46"
861,52ff7fedf0b669de3aaf9917c13e4c540077783d59f9188a61f306e0c1e58d100fe46d153f02158f8f2b760012d2fc7f6308418010e28ecfd94759fbb9b3e14f,"2013-01-09 10:37:49"
862,db8cb96c60ff9cef6eb1303ba55ea7b69daa8a1d6ab91f38728decd3b2f6ff52680013803275723ab3cbf0c3b0a1d16bfd607cef1d63cdad3785495d42428e5a,"2013-01-09 10:57:34"
863,a905dfaa3968bd2d8f15eb9341e2bc7bfca5d66466ce994c66fd614b7c9ccb7d81fbc6c34da32057f4e583a8c4ed07cb0fd12a321aa98e64c9d2590e85474fc0,"2013-01-09 11:00:06"
864,03024c93b39a78e57263e4ad5273e4d8b4a802558a233c5520ff89132ad5ee4c34cb2a167fa5664c1b288df7e01558cc65ef932a875937023e4bc5954632c3b1,"2013-01-09 13:59:28"
865,b06d2927aa7b90feebc82b4e3b575eecf75cf25c8b44c125580f008a5141602db4f7c8f55d4775ec7f0f874855797dbbebc8749b40911dc1651a32d2a971a70f,"2013-01-09 14:30:40"
866,b8ad80c988cc0d240b16717fb34f83141b96257a489d733646d22274b79a667e3bdbe03cab88c9bc684507099827ea4a823ce9e39a92a134e2f33076019701ee,"2013-01-09 14:36:52"
867,db22fdbbdd19e1115c02e01a9b5b1761a4607488c2ab7c4d53b52d9f85131f2189926d6b6011b5ad9cfcf4ea4b57c6b4ccc8d7f4a9dccb2ca192c8c4ac4ef22d,"2013-01-11 11:41:25"
868,620d9ae261158d4d1bf9888d5f88394296639e8d98dbcc5ff447d8a92e418a01836813894f6a2ef081ee412360b8c06c5050c398d9f9c6586fc28f077d04ab84,"2013-01-11 11:45:56"
869,6b71e01553418c3e107cb747c70522702254fe38f7c56d90e0fd60806971eb72efc9f2f04468d5b553da5281b8dd4b350eb4dc7bd610f73f87c2e26734c2370d,"2013-01-11 11:45:57"
870,8710420313791c328a3294e581ac092251a06dbdb3496e37a9d4129d3df87a0c7295afe866fa0d73bfd8539808f386938986cf75dc779a559d14e7a0d0293aa9,"2013-01-11 11:45:57"
871,11f71681ccb33e20297b5a7183b979c2a82bfa798c79277b50604e8038e801f815edb593353a151f652084fc4ca0881dd7bfd62719daf9062393aecb119afd73,"2013-01-11 11:45:58"
872,7ef44d3366a36c9abd4bac8fbe7b9392e86cd6154ea726f06129fd50eb36e0ec3c50620e0f07cdf4d4332976cfa234de5c55677bdf005cd40209111d1ee2898f,"2013-01-11 11:46:00"
873,6c655e4bb0b993a55220637bade152c899619ebace434e5754c0fd26696db29f471461baac216fad90f9e4dfc2b0b0e9d81b94db1d5a8c81004a45495e233a2a,"2013-01-11 11:46:00"
874,6b6248b00332894a284c7ebd571ba07f55c1f515f775f127d2f122bf7a9de85523110c804731df9f984e1f5c4c946e45e319cc2a96ccf7d3b7d6cdcc9f9f3920,"2013-01-11 11:46:00"
875,434da53a50a981948a085fbb791de01e521925be169cd349e04baa89c613191bed2996fbdd93d356ae7d4d7e4ae2b27dc74f7f2d1d7bff275126f46f023cac22,"2013-01-11 11:46:00"
876,cee6bdba554859311d56d61254f61aae0f6640b356112bfcc229ea10067bf0a3fcaffd5c93520bd0967b74b0786e3ed69cef1f7512aaf167ce60a2b2c0ccf7ca,"2013-01-11 11:46:05"
877,2beeaac1e7d58442d34f1938aa2afabc1bd19b8ceca15c8794215c2001d85347046666f80c4f5821ca40bbff5953d8dc8219214a22d2d7538d5799c9cc23764c,"2013-01-11 11:46:05"
878,05336445e0d9d869474d261ee0460834766e1e39227f9145b4de0b6d952cb05de58db55a826abbec4c2db72c5283e050a96c32ea5f207a68f98b3e095108fe37,"2013-01-11 11:46:05"
879,783da7765a44887a1b1a155c0c36335829cb5efe5c1bbd1857c9e678a8e9d172e87ba6d6ceceabb3ef72df104b056e5e0af95079a83726cae5979013855f2715,"2013-01-11 11:46:06"
880,e645d59828f46441a92bdae2086742a2866dca24fcf946512173370ae1990b681bdd0569beb4977db2a6ee0afa94f70114a36a362d75173e4d5277233d1a166c,"2013-01-11 11:46:06"
881,8949e2be5dd7aaef4bd5dd2be0d9733b99e6164e6c68d1e8206b9ff947ab6480ba4449f4ee9db31f72296f8ca1ed91572d8a88e4fcd98322fd2cb4981fab639d,"2013-01-11 11:46:07"
882,73951e5876f4c4e80c0117b78aa8c4546b026ade601bd8d8933a72d8a27402e0ab5c0bbcda8d4736dbdc344e88f743261e609469e4e901c72d18df0357944840,"2013-01-11 11:46:09"
883,24bfea4b23573d5fd491432c515d0e11b595a5841f41a521dfa1e5c09c6647d63f2a6f6b4cc91020d7d0f3c8f53cbc60fbe34bc3b0b04f9e7ecb7403589ea16e,"2013-01-11 11:46:09"
884,4d48360cf3d37f2c033acf9f1f5bba65026f9a7ddc3299a9eb50824ddf796288475bf00d87626faa6befa50322011a3df4d87b535bea844feb76eeeb88dc8587,"2013-01-11 11:46:10"
885,479542a72d59bc5a064cb424b222b862900d8012fa8f7a7f454dae754ea9b182e039037c404556016c21d80687d1f53e207174e72731239f4f4b307aecd9ef36,"2013-01-11 11:46:14"
886,d2b71e6dd9b69ab46e38d81be43e3410811675c24949b99147cc41ebf101272073bab8652858ffdadad69d38db81d727d5cd0806477e871cf0882b90dce076b3,"2013-01-11 11:46:24"
887,5d5dc444d137619822c70b24542be8a95740d6f410f0394045dcda83b948e55f70ed598143cba67bdcb71df25d6a7b170501e09cce7fd3d1deca540a0ff8151a,"2013-01-11 11:46:26"
888,474483d50f5cc7aa5d0b9331225d9a7f0396dbe7d908e518266d21258ec584b33054158a2100859055db94c22a139eb1725c06659d58fb83c49711f593d1c385,"2013-01-11 11:46:29"
889,cdddd98b0e3bbd8b47e0cd360a64a0f42abcf1284cc33237b5d712d7cf0d01a11ac1d0f42f407ca38077eef73d11ae07ed8272c7fbf515bbfe65ff5e561ac1ce,"2013-01-11 11:46:30"
890,5f315b32a4acf80a36d305a2ec042866334e41d383516a60160e17b29ab38dafccf510c68e626b03429b7056c1dfdf51936be33bc2b16424b465825d5a81d130,"2013-01-11 11:46:40"
891,a6a77a0a3664950e4f015b91c690d113608aa6b3e63079b740b6b152f3f2ee832facd65829f680308120bc4eebe74b29486a8075aff1c8cf54819c722c536a77,"2013-01-11 11:46:49"
892,f7ed1985cbe8a5ab3ee3cbe9302eee46b2061ed0468c33949f8ee4b2023bfdbf2d5fdedeb1729367394e1276b26896c3d69080da4ebd70eb167ed5b1723772b2,"2013-01-11 11:46:50"
893,8ead60a96c8d9923eafd7c3c1b11a4aa0526c53750e63fc39ca3dcf2923c2bdcc18d3401b147c6ecb8ff98543acd8bd2be7fee370d442852314247658ec0eff9,"2013-01-11 11:47:01"
894,1763c97da6e18672984fbe1bd641506e0d11f38150ab820356f6fe68a1cb2ba0628d778d7fb091899264273bed6d31eb4f552899823fa33942bb3af218d12a00,"2013-01-11 11:47:02"
895,134969fadf556872dc9d2eb4d7e7bb5ba3f7eb6a1e8775eb98a85a06193157ba42611d21f3cd9705773b227f8f60d4f8548b9787b348a79cfd4c60c925bc5c4d,"2013-01-11 11:47:11"
896,c68ec5acc193a3a9751697f06e4e011f7df7648ce89bf5e65bf5c1829137d81d7f505d71933abda37d36ff0a7d6a16c380b25468da5d1d100b84dc8705ad063a,"2013-01-11 11:47:18"
897,ddd896368e8d3126d27f5e15eea2d4d7395055fbddda75a19989b8e7a26b2747050b613a6b627b5ac6b2449da07fb599ddc5fbca427bd2f0599f7a739e03b2fc,"2013-01-11 11:47:31"
898,1515856ce8bf709b8a4d8fcec97a0c15bd3fe14d495fe5e014cf2ab3e9cadc9cce38c7fdcd222d41dbc5dbb8da8064c819b0879dbf2b4d19f3ea9f30b48d5e0e,"2013-01-11 11:47:46"
899,2d9c502672d731832fef2cad00a24304ff40241daff69192c3b2a5e743e145eb7eac26f076e567b7abaa9bdfa2e57373e4f242ef845397a8c7259d520010ae74,"2013-01-11 11:48:05"
900,e581b5e48d015c6e3ca3a4c9bd07e6c9cba82086f68521dd280d7ffbcfab13978efaec425d242c320735421ca3cdcd59e374a759b90f625e205c359297ba8f65,"2013-01-11 11:48:24"
901,24408169d17bb2da3b39725904679385bc6c5cedfcb1148c47d3fa247f79299d7390b371f3a316318913f6617358ace456c5f5b33d087bc19b0080a2a904b1f3,"2013-01-11 11:48:52"
902,b4b9e6e9189689bb13976d7c775fffb46c5b088025c0108e60f9554dfc13bffcb1de9d417c67a7dabd29f1c4389b043713a09bb99887c63aedd4bcbd84437311,"2013-01-11 11:48:59"
903,785b2ae41bbfba55d4d4efecea1353da134f95f4e2217c4e850cdb4a2c300c304b3ff35ac85a98d5539dedd176ee6b0619d793c1462b74bcd191f9add6a1e89d,"2013-01-11 11:49:10"
904,951c47a25784e69b878423aafc30e3b1caea2450c16310843fbc521d9bd738cc16e69c9fdb79c5e40949b656a54501785e307f4c8351d9d7c44bb18086e140b3,"2013-01-11 11:49:15"
905,7018e9710dd179dadaaea24d5e274af7a05d0053d757777ded41edb5740dc4014b0601515642d11dbac3ee50767763f9ae491636e88c696c8599dbbf7a73be9c,"2013-01-11 11:49:16"
906,bf8b617d3984ba6630b37d78a37be32fd6feabd04d985f17557a35dc115a890856d67a3776ce7e82c7458a5fba762e4a40e35478c6cd1fe65bac7afc3fdb004b,"2013-01-11 11:49:45"
907,978c3f1d87f04b6db9cfb3056e8124b6ff32f36025c53348df8e6df0fa78e5e15ad3e2f34fabdc6815b5eea07e3abd2b034fb37609e76ade3439c150766732d8,"2013-01-11 11:49:48"
908,4d46d7790a913e88a3b508544441b49557d52b2875da121ad9afdb68faa119293c92762d2309f5bc2f11862784b551d5bb33def5e79656be0973bd1499938729,"2013-01-11 11:49:51"
909,71c9b7cc17cb22f90bf7091678e3288aa94c27b0be72a8b5ef0094b119d38ca123c4c5d8fd70d961f9216218db49bbaec525e91f0eb98dd0aa8ebbd8fe74a654,"2013-01-11 11:49:56"
910,aea45e392a978eec452e994bdbdecf1d5a86b989ab0e2cf0120348b49b4c57cea4b955b4ba775b34559309457f668a12e865b1e980c7f4d081e07e8d7ff4c3fd,"2013-01-11 11:50:01"
911,b7c6796f26691f5289a3153b383e7832d8610a4db3bb8343ce8fc2b7fdeb2c8d0c3750059500afa4b93a0107d74284fe460b290050fcd1ae0b608d966e471527,"2013-01-11 11:50:30"
912,09f285ea2c14ae400e5db9299d34e4393f1c79bf8ff1232bcfa870d5acc5ed0ee3c9a8100d3279ef5be69fc39780ff6f71c02b01c787d2c8bada484f0843f038,"2013-01-11 11:50:32"
913,f3bc81765bf66d9e6ed63a9f5e3719ac5e22028519614d710aacc49edb887fd8b0a682abad758c259a4f17694bc83ef805689c1ecb7089d41193f7af3ca609aa,"2013-01-11 11:50:55"
914,f8c921046a6e4770197a29068bf27cd424b830a96f12aa7fbdd8d6e2951d74cc039ff58966f820d021a0a7db57ff56bd9f971a9705fd6a369a42d45f409cb57b,"2013-01-11 11:51:13"
915,1ff16f48de7680f4075cbd29f34f827984c4390c0a39af1fe721f51df17057510acc699f2b739a0eb0c9f84923fb0a8078e9dbb6f65d991ba4f7d426364fbfb3,"2013-01-11 11:51:21"
916,aae64d14e8c5d891e4093dce0114115b90ae8a6fc55fbf86b85348b03227d6495cdc765a390942e31de01d65ede9488c698e2595bbede2f1c321441bc58249ec,"2013-01-11 11:52:10"
917,e773ef124b768f62848d426cca35211ddf2e65a863abc442b8922b7698665c8b4375ab9f0a2d5d7e8aa200f3e69f365a134f9079052af09c63b70850c54df673,"2013-01-11 12:12:42"
918,be47960b186d030748d6bb88d5204b667e1c0b7c3eb145bd581f71d2f66c31fc82008e473a50a71117d8c7c5161b5271906be61576cd98868ac5bc3c6837d24c,"2013-01-11 12:33:33"
919,61a4cb6143524c35157daf89e67307855c761e2444e5d89bd2f02906625e014e655479f93e8a73ff03c0e02bf5b268feb637c9b94bcbbf2b78a5f536a062e31d,"2013-01-11 12:33:55"
920,efff448ccac74dae4633fc810a7ae9f94b20227caef762245cff7254e5b3225574557862c61dd25899293b09912cde0f939a28fe721ca1520b16ac2ba0b26e11,"2013-01-12 04:41:55"
921,a0f9f988f10dd433a79c892fcb8593a32af59f5f55c73e86a2368a91869429e7d980b893c6c6dbec0b4f6e2637b5e55d5a73e64200a98e2449e46038fe0ffa39,"2013-01-12 20:29:25"
922,9a4f70ed1846b043fdb58dca4efeb7725e2844d7201e9215173020691ea2150df292ebca88df3d1c34187cbdfd82b0a894d41ffb1c71e28ffc12b9082eaefa42,"2013-01-14 11:39:27"
923,d586882b7f10be5c9de7bc5b892cfbda96cadc43e6d04af01ecb8595e58f53168a5aca62c4a88c70f9dd4d8d389eca88b27147f87be2baaac9fd4c630fb16d41,"2013-01-15 16:55:26"
924,fdcacf4c6d0aebef08d161f0b9a1ead7ddfb53863f974c240d71b08b3dd24cdb07645fab24d6c57f8c526a757813637f1aca5bd82d6e59dae99b7d457d4cf4ac,"2013-01-16 10:02:02"
925,1b4efc1a60ecd30bed0a0b2cbc36af387c86fa5da296e903384de90aeb27967c5e07b6dbba68800f532639ebf047b448ecf7aea21f5d44655c18d319c6a72c5b,"2013-01-16 10:23:46"
926,7857ad01181cf6c895aaef75ad96f3950e3f2e92e8ae06ee8e86cd583af15cfc4cd8bcff604eb34abf68d43c5f645dba7e08cc289b7f04a2baf7cd05a1216e11,"2013-01-18 11:34:32"
927,fbbef90066ecd506516c1d88b5a14477c5a805be07bf1a259bbe76fbb27d72d030385328c80948614f700b4ce5336494e93fde22a26abc559944545054e77961,"2013-01-18 11:34:52"
928,34a2134b341d20e1261be5e9d0f527ac15635f0dca49cb6679a9c717878c91dc7ef1f62c83531ffdbcf0fdc114f75bc2fde534e32334682a025b87317678f656,"2013-01-18 11:35:11"
929,29eede7259d984fb7ad6cbfe7ab8d97c557b6c2114bed31f8b8f5b9f3fc6491fb6a7853a017d3a3063a057aa7042fbeadd82c3889ed91b87647b7fb01b76939a,"2013-01-18 11:35:49"
930,f923bb56d51d607fc39da1521193240b93d4fbf9264fd895207ec9148a8d9ada9fc87dabe7d23ab91e2b76c64c1053597c162a11ff17f8d2955f2b875f9257ea,"2013-01-18 11:36:32"
931,ff255931cb2567d61062efc27c156ecc3941e2d814e9579d1272ee4f06dbfb3ee9f47f2b88c90ca7d5fa009a6eae1b9dc9bb53f012cef2e0cc82f01a0a1891ad,"2013-01-18 11:37:09"
932,d50807c7340d0f9c4e6b232c8155966b2e8bf429b58d0225d6f7c1ab0186cde3e188913dd04d4d11cf78e2b1c67a11a5a2fa1b33f37c808bb15ac66b5796794c,"2013-01-18 12:04:48"
933,ed54cf4aa69250a381e4c6f09ec68fb076c791bc90e82dd7f185f4005b1c05d10d22b2a7072dafe597330698d13ea5bc38298231cc109d27ba9299d3de882270,"2013-01-18 12:14:52"
934,4c143c532820357c5c424561359648c564d54e6c379772f785689bbfdc8320883ca06e9db3969a66b1e91fde5f1a778322aa6cb79f1f87ffbdd47017ced0f331,"2013-01-22 15:53:47"
935,5761d3123204350f46ce1fffefc323fdbaef54b4a6a48458dc6455a72126d5311a1be41a00ae668f1683d427bb1332b1af5f108b6633b6c2888369a6aafed690,"2013-01-22 15:54:11"
936,d2545f87cbe765451e77e4858283e27d051b243d674c4727e7cacb191f9046257a68d6eb9bf277242b60b1695940a83ba8e114750c1510a8e42d19b5dc0c892d,"2013-01-22 15:55:36"
937,8ebd2e6bb04d1666d636ee65ca079e55cb5e0e77a0343f20c8a1855e774757874d1a3a370cb3177ef31645f08102852e2a85b5e49b9493ece259f1ad6d94bd3c,"2013-01-22 16:10:05"
938,a1b3410f6eb4bb3e215849bc1bd855bd946a45bc609e2091fcbfa173bd11ed109734ffc9e2b782d7a7888e3187d4ce622e6bef90b6e44679564a42757f1959d1,"2013-01-22 16:10:11"
939,3c0f01383b7f1e9f7c4667d0e3f221c96e8f0aa5a835b168abb9d5dd3291d442a10d9c3ab27447126e8b03f651d20fbd79eaae7b36037d9950553514909881eb,"2013-01-22 16:13:48"
940,55368fa717e3945734e6675864a009fdf1fb4b41205300daf12f3b70c7cd304813ee4db4a94f6d07bea18fe37dc75f781c425946d081bb179dd0bdc4909f2284,"2013-01-22 16:17:55"
941,5474ed7409c9e96e5a36eb955af6319d5f5b28241c84cdd7df90c40de2fe950b5309201a948ac0757093b3f9e198ea5115782f328a8d500277660dfd9c5940a3,"2013-01-22 16:18:12"
942,302224054e7aa51aa224b97f6aabbac47a6d3f309810c826cf969f47db1bc7859ab3660916579123f2a6121f9385a20d729c083ac36b28b88377e0921f66ad13,"2013-01-22 16:18:13"
943,1ebf05c82f3facc23a0cb78a4332c75a4ddf70f6f6ad2ec24fb91447086836805ea65dbf93915ab5967cf645d046cbf9f2d9b93ccbd3303d6320895dc11cb524,"2013-01-22 16:18:16"
944,e29b3a4e199bb5c8305358ee669b7593125cd169c8a310245a1661f07dcb81f8a091c7c99448d4bcfad2f913c6cf544aac13107fee490591a7e27b29654e7929,"2013-01-22 16:18:24"
945,fdf535def0479ffd50494513910cb9401c22f715eae81629eb869e1d2543a870eb831ad9d70ebf393532a6773672621fe800d17e0c5d6a8def2d5e2d169fa847,"2013-01-22 16:23:09"
946,3fa6d2bf9c2f52170b7b5b56497ef8511bfc5a3f957d05b41e3869e0c697ed8890fd8a11b0656524f243ede3078e2d20634ba3211d6350867012218d6cce3b18,"2013-01-22 16:26:04"
947,20e1da12b38e1956775b88cc32c14e1b962e1e7470f9179335338c502e35cd4f735ed01ebc19db7d6a0463ae7ce24139d3544cec3d62a737feb95c7f5bf68ad1,"2013-01-22 16:34:00"
948,61dbff1678e131f1bb6d18a0c6f61d8d64363166f97ad3042fb558e3b0f4c19688bff08417e1e72dcc945e5b98064fd0b87aa888a7c22984164608eb1dd0885b,"2013-01-22 16:42:16"
949,e5f5436cb94479a0f826bb70a6f7d406334c6953c57a05cee1fd20aa4a0a6e64f168fe2ab9c7eb225051f627b0128bd192bef68a6526ea71dfc92fc93bc3d610,"2013-01-22 16:48:15"
950,94ffc824864627fca2f3776b8f50ca466efa7bc4827aba71166a1bd7ae208c31b9a53ff0c19d50c7997dd066b1a731a9dcf5f60cdd0f8b64929662aee7ad98d1,"2013-01-23 09:55:23"
951,5c020bcdaf36c6f2d6a5390f6c73d079463852f6abfd8eb2137f8a856c51c06b0614d94c390df5169607f116b1e404e56e23d003e70d20c82922373b6e97b32e,"2013-01-23 11:42:41"
952,3a3cd5683720924d73c86455f6dcad6f26c346dae8bcbfde92cc24ae0fc2ef26a9dab734fa3fa595e2fb5739dd9cbfea9480369b2062a00fb4e95de1ec3564ca,"2013-01-23 11:46:05"
953,49c9920cc5e25b888f6c593cd25cb7ca82861db066c4206dfab81b289ea45f63c417e862d0c7959c0dc4ee81e65ada25cc38304ca0f3e8fe52d28fac96f8d0a7,"2013-01-23 11:46:16"
954,6927fe8adf72fba481e4b1822b3da0c99cc7363a145d07040ef415d6d20be520228a7e32fc97682ae1cc8895f0a33bc37daf996c844b008d6a7539f4059bfdf2,"2013-01-25 11:30:26"
955,8e39d4684280717a0032c08e639a0d88bac0df32806e0a5fe59ca6dc63eba784184313ea421f93586a1c9513ab207f5316b6feda895bb63f434e309d98c5d8ea,"2013-01-25 12:12:06"
956,09e948bca130213f25bcdbdcb3299d0d830ea82442794cca3e605c904c983a77f04fb1c44781a18169a54103d57f47d2a68bb9f650da896e5342f33fd9809026,"2013-01-25 12:20:04"
957,fac00c742107d96ace2dd5446117052ef096be42e50f2b2d736682220ef1f3d9b80f50906235342abfe1ec8b24cb6652910c6870d35d4fc1208c796857339e11,"2013-01-27 12:41:28"
958,7df46b21adbe7d3ca229e6365e331a9ece415438f455649661a24914758abe45af0eed98b76a661ea18227e8eccfd4eb88f4f376766b4509f3603c463b078ebc,"2013-01-28 11:33:07"
959,a406de62e07e8b4e73600d60cc760b121f0daf167f440c6e87c6cf85577e6cc85cb4d2e9f6571d85c8210317ee3d4280150a7ee7f4024cc0af227909e23ddd90,"2013-01-28 11:33:13"
960,06622e90c6dfd920dc5aa952af2f8b7ac938491c99a49a5fdceff2208fb05d7f3fcbdbff6328ed7afdc6d54646daa9a78df2818d52a1890a829958fd581b17fe,"2013-01-28 11:34:27"
961,291903cee058cbefab57abeaf6e8536a51fbd07d1deb37258dede7140993a1ef063fee3059d888168edd934b5364cef99994de1afef8e40ae8d3f53da4b971ae,"2013-01-28 11:45:51"
962,78ef6b651bd0f05f7d65565462c8933d29c95145afa22f130836a00e2ae9a7022e2b435c47ed6a3be5b1779a29a16fa9892f0ee35ad7d0946057620736a4bc1c,"2013-01-28 11:46:18"
963,49f999d8eddf104baa0be8d248bd4341d54787f0a1f2dc58405ea46ec3d26c0f8498401e46867c7f6c2329c2467fb278fc4ff46dfa90ae9a6f692620dcf5e98d,"2013-01-28 15:53:54"
964,634d0bf9d20f2142e7e8988c38811c939978d3ab1b65caf7899fb3128f5519e94bd238b348655d77cc81810202ce25a6c7dbfa2bc94e28ad87c27c5214998bc6,"2013-01-28 15:53:54"
965,ae2d31c808105103f9b33bcaeb86e40c53afc0906c06747c34be6bcabe316ebaffdd086b5c1068e3e2e2a7ca8fe1f3a7715feebdd315977c318c018c2c9844f1,"2013-01-28 15:53:55"
966,e72c682c2c69b26d1eb65b14e23cb9d80ebd30369ac76e8e535f50855fe5c8079cca1ac1a5168ff307c248dafd217eb77a1a52a389814d65e2cd09151309ae76,"2013-01-28 15:53:58"
967,d827d2efc3d72c6eb5ea732a0354ee9b303f49202be33660234014a4c55ba16ffea9c43e6424486ab9f460505cba50e697df55348d884a3bac3a4fce32303a33,"2013-01-28 15:53:59"
968,69520e13d1ad473c88c664d52aa36d7da1dc5b67d0976f1a2c0c704aecf14be134ada5a4bec2a2ae65b507f9bfed9b9b0b647f7e62222da34a26b8a6297ff5f4,"2013-01-28 15:54:16"
969,ba2b0b6f91dc437d732743339ad2080139540709d8b28158c68a537e5a0f224695a050c3fc13b3e74ac5550589741a1a568f78971d49ac7203e0211b4fcccd5b,"2013-01-28 15:54:21"
970,319860052c7fcf8369b76d00753a0e5ff893df06a2a69470c0d61ce9e21b4d7702806830f0b72ddbc1e2f7322d667a9e86c35683362e54de5bca8fb312ee8eec,"2013-01-28 15:57:14"
971,e72b079e8539e2f77167cf9893e6c078acea5f86b5587a1da782f404c10410ad066504be3f4b3822ed22cde94231532031d7594e5195e152e21ea82555ccf9d6,"2013-01-28 15:57:23"
972,6ef4f05568078f43039cc60dd9b84730e78608e353eedc272a7e3bbd4ad9f0cad762367340301d39c8efeafcfedbdc832b51b3b7f8aa03f5ac7665420bb02d23,"2013-01-28 15:57:35"
973,64f6c43df031b2c3c7c66d008b11a9c6b85d3a1fd8548d5631ffbc3a436cfe9c7658084b1328184c94b9adebb0324b60d139e22391d04a6b1ac506b3a2f18a92,"2013-01-28 16:02:04"
974,9b4a82df925df4c35a5b3146008282363b0b4f68a1c22d7300365ad914aa5dc0e8669b17a5e486480bac7b56ea2aab3622c5836fb9486dce9f315e786c10340b,"2013-01-28 16:02:29"
975,e1c73c0ff5cfed8df1b9eae3987c5fb7ca25c8220b71805c2372f68dfc6dba9c538c038bfd6e0ba44222d895a1212c6f7da17b9c14926cca67ea3313588f106e,"2013-01-28 16:02:29"
976,6cd644cb53f370ad2179c785780939204c3e1c068b9e14420b1e5d09cc34fd42bc4ad3cdd26619789763f4e71cda2b2244898510d7872beec001cdc87f619861,"2013-01-28 16:02:33"
977,a3142c63497c2b49a06311aabf976c48e422ca153dc770b6bac7a4a5e5b843b6587607f944fa8c15413246d234b5d58be7a43b87090f9931e8f64ea7b7ad0fde,"2013-01-28 16:10:38"
978,86991acd6a94c4a00c89d5f79ad7a34bdd6fab8c460f479d64d19796d41f98ca07a8287752df688a94dfe076ab1294236e4b494629e0c249d7ac5e39cedef90a,"2013-01-28 16:11:38"
979,690de2b27fe76b63288926b8177dec533e4a3f2ed6cc116f03e553b85815cd850fc41387fb1de6ca1268bc651423e25f9b673efe697505a8ebf1e28528bbdb64,"2013-01-28 16:14:10"
980,9431994f24285a1be78dc2ea6db4341c8eda94302b4b566dc61788b26448924da0cb190b641088b3b874db9ea894d3ddc75c11addbd3aa3bc9fdc5f735d4feba,"2013-01-28 16:14:35"
981,b4a65bedb0186284b752fd2afe988699542d967d4476783838c123938e4b18fc877430fc40a5c18bb69c01adf56ea7e72f46ff77a23d0192cb4876ae06067e59,"2013-01-29 15:41:36"
982,d7af43a4d6b19f405885cc477b4ed0784d1b28d7418c1f5315e0e1d154b6d801ae4a8382164c321bb063acbef82da0dbcb26bf9a51d6bc8e11bb301b914f5132,"2013-01-29 17:00:18"
983,d29625c05d65881bcdc2c0b1ba9253ee5164b8462812f59a6c7bac1febd311aeffb24ddcc897a2c888ec0600d4445136e86038048e2e53da371e6e33a1bb136a,"2013-01-29 19:16:45"
984,455ea87d78e310a6c8269ae87b255c40ab82e8f48e367324eed42819edeaaae78ea33a637b41064ac73b72882d2d87e868a56fe561c8d12927d51cf393dccbdf,"2013-01-29 19:16:51"
985,5e129a80f51a93e0f4c74dda58db3393b4cff788c0df3ad677a10d3e1bcb6bc63fef31f66aa4cca18e13ce944b89133f960e792a4fa886ad2fac3fdc0b998c8c,"2013-01-29 19:16:59"
986,7115416e90ca6643ca1e7db17dc920ea9cc7a425bfc4b190466d3086b5cc27beb97119f803e46b97e4caab31c2e71084bcf85bd10cfce11cde3aa16838315ead,"2013-01-29 19:17:11"
987,c883f4c63e9e5366e3365f3c00845d3a0b56d557156dae2d920d862013842ef52f1854be92a48b0df1d261a6a71af7093d6c79ee535cc20be9825b40dfd5bb17,"2013-01-29 19:19:48"
988,ef02f6e9c0e5bd1fbb1940a193275c7d6777c9f4c1b591b3e266ca4f8ca47cddbb319c35e7e3b03c8b2b301c932321890a1caaad918d7b3f1d0d6cffb000e872,"2013-01-29 19:19:59"
989,1f6fdfcf37299e3052b12be6b5ccbd53b21ca1941cdf6984dcc494a3e42eb289a6bfd2ca48d781292beb02c877545bd01defab28cce912d8f69eb69a099f4f8a,"2013-01-29 19:20:13"
990,bec642b8bf0fdbc476649f707f1ff8b94c1e9a16681ca65aabe33723f5af46f3f39a2778f9ada3026155acb81758b946370b66af33925cb09b2b664f2c6b99bf,"2013-01-29 19:24:01"
991,bb29ab7b438fd53bd04336ac63156a13457c3cf3da93cc23441ca6f98f7ce6624101aa4992581b79db0898fc1522216a5db7b3957e576a0c4cd090ad21516ca6,"2013-01-29 19:25:57"
992,26dd338d387af4d865b6d20f454f2a6b4f39abee703795d33e040dbab22eb94afc735e86e1d7aac98e34f2376cc08f69365eb4e6b1afce7cef4dde10047a1813,"2013-01-29 19:27:57"
993,98533af65229b0db80450a797e4ea2fe6e6d2686d6f3634e73b981f76a22bb21c0663bc396bfea372b49f667492f6343dd9262b570e0b2f80055c2acb9229143,"2013-01-30 09:47:16"
994,72a5b494eb95fc96b847cd6d88e6e82dba3e51c4ab8c3cb60ae0f27114b72de97a8b2f47648d311dd02a2ed44b490f4c2097e2cbb2257c8eeaf3f45904502370,"2013-01-30 09:57:38"
995,9f7f760c08abb21aa39d9db1a052b3e68e7c8bb777b4ba5caef1389222e50d581c24fd9682617d43128447a203704e16bf26f623de133dcf3830e52dd06206d4,"2013-01-30 09:59:25"
996,e255e190ea0f3040ba0261078008c5df56dc8d636c9b01a253bedb3e36feb24b21a487c722495460e16934dd8e775a12ad49e0dba495a9ddc67c4f1d528c8f8e,"2013-01-30 10:04:02"
997,818e6756c2be42c1b389fc66ecbdf9fabbb8cc2d83acf820c7bd7f2c3d27acfe81056a5ea994975d5ad66901d3eadcec7e5586e3f3b77fb579519870b62bcb55,"2013-01-30 10:11:14"
998,c6834cea59f0048bdb97d856f7b6ad5a0abed7fb62b042c51729d8c5341b16791784e9d39754cc56038eaa82b1f4de06018156fd3275c32d5a54e54c48ae662f,"2013-01-30 10:12:37"
999,b5c6bc25a29fa97fe48019024bcfe07fc866f7fbc262116417143eb9b5a81d5d14b8ff3c47cc9b8a09b9114e9ec62bc86732503fa6d40baec368a7fe93196a2b,"2013-01-30 10:29:30"
1000,4d20419d4e82fd90f0ec9d2b9827e707fad6639154d95a5d3fb922339ddf7d907f2cd633606a6c6804b879328e1732bc2e4de08aced27f45d045737acc5172d1,"2013-01-30 10:32:05"
