"1";"1";"0";"0";"Wer entdeckte die elektromagnetische Strahlung?";"N;"2012-10-15 09:03:35"
"2";"2";"1";"0";"Welche Art von Smart Devices besitzen Sie?";"N;"2012-10-15 12:25:21"
"3";"2";"1";"0";"Welche Art von Smart Devices haben Sie in der Vorlesung dabei?";"N;"2012-10-15 12:26:51"
"4";"4";"1";"0";"Welche Vorlesungen sollten auf Englisch gehalten werden?";"N;"2012-10-22 23:06:55"
"5";"4";"1";"0";"Which courses should be taught in English?";"N;"2012-10-23 10:20:13"
"6";"4";"0";"0";"What do you think about E-learning?
";"N;"2012-10-23 10:58:18"
"7";"1";"0";"0";"Wer entdeckte die elektromagnetische Strahlung?";"N;"2012-10-23 14:29:38"
"8";"5";"0";"0";"Wer wird dieses Jahr Deutsche Meister?";"N;"2012-10-23 14:58:02"
"9";"2";"0";"0";"Das Pumping Lemma für EAs wird eingesetzt, um zu zeigen, dass eine Sprache L";"N;"2012-10-30 21:40:35"
"10";"2";"0";"0";"Das Pumping Lemma für EAs wird eingesetzt, um zu zeigen, dass eine Sprache L";"N;"2012-10-31 09:05:03"
"11";"2";"0";"0";"Wie viele Zustandsübergänge werden bei der Konstruktion eines EA zur Erkennung der Vereinigung der Sprachen L(A) und L(A') zusätzlich zu den Übergaängen von A und A' benötigt?";"N;"2012-11-06 17:14:29"
"12";"2";"0";"0";"Bei der Konstruktion eines deterministischen Automaten, der äquivalent zu einem nichtdeterministischen Automaten ist, wächst die Zustandsmenge im schlechtesten Fall";"";"2015-10-20 11:23:27"
"13";"2";"0";"0";"Wie viele Zustandsübergänge werden bei der Konstruktion eines EA zur Erkennung der Vereinigung der Sprachen L(A) und L(A') zusätzlich zu den Übergaängen von A und A' benötigt?";"N;"2012-11-07 09:01:12"
"14";"2";"0";"0";"Wieviel Zeit benötigt man im schlechtesten Fall, um die Erfüllbarkeit einer aussagenlogischen Formel in disjunktiver Normalform zu überprüfen?";"N;"2012-12-03 11:49:30"
"15";"2";"0";"0";"Um was für einen Automaten handelt es sich bei einem getakteten Schaltwerk (Folie 6_33)?";"N;"2012-12-05 08:30:53"
"16";"1";"0";"0";"Wer wird Weltmeister";"N;"2012-12-06 15:15:39"
"17";"6";"0";"0";"Wer haftet?";"N;"2012-12-10 15:10:40"
"18";"6";"0";"0";"Wer haftet?";"N;"2012-12-10 15:30:54"
"19";"2";"1";"0";"Welche Art von mobilen Geräten besitzen Sie?";"";"2015-10-20 11:22:48"
"20";"2";"1";"0";"Welche Art von mobilen Geräten besitzen Sie?";"N;"2012-12-11 17:03:23"
"21";"7";"1";"0";"Auf welchem Betriebssystem basiert Ihr Smartphone?";"N;"2013-01-09 14:16:55"
"22";"7";"1";"0";"Auf welchem Betriebssystem basiert Ihr Smartphone?";"N;"2013-01-09 14:17:17"
"23";"7";"0";"0";"Testfrage";"N;"2013-01-09 14:18:20"
"24";"7";"1";"0";"Auf welchem Betriebssystem basiert Ihr Smartphone?";"N;"2013-01-09 14:45:29"
"25";"9";"1";"0";"Frage 1
Der Residuenvektor im klassischen linearen Modell hat die gleiche Varianz wie";"N;"2013-01-23 11:19:00"
"26";"9";"0";"0";"Frage 11 - n Werkstücke werden mit 2 Verfahren gemessen. Der Korrelationskoef zwischen den beiden Messreihen ist 1. Was ist richtig?";"N;"2013-01-23 11:36:10"
"27";"9";"1";"0";"Frage 10 - 1 Kann die Reg.gerade neg Steigung haben, wenn der Korrelationskoeft eines Datensatzes
pos ist?";"N;"2013-01-23 11:42:57"
"28";"9";"0";"0";"Frage 11 - n Werkstücke werden mit 2 Verfahren gemessen. Der Korrelationskoef zwischen den beiden Messreihen ist 1. Was ist richtig?";"N;"2013-01-23 11:44:47"
"29";"9";"1";"0";"Frage1 - Der Residuenvektor im klassischen linearen Modell hat die gleiche Varianz wie";"N;"2013-01-23 13:33:33"
"30";"9";"1";"0";"Frage1 - Der Residuenvektor im klassischen linearen Modell hat die gleiche Varianz wie";"N;"2013-01-28 15:54:00"
"31";"9";"1";"0";"Frage 2 - Die Normalgleichung lautet";"N;"2013-01-28 16:22:31"
"32";"9";"1";"0";"Frage 3 - Wenn das Bestimmtheitsmaß R^2 für ein lineares Modell M ungefähr 1 ist, bedeutet das";"N;"2013-01-28 16:23:49"
"33";"9";"1";"0";"Frage 4 - Im klassischen linearen Regressionsmodell gilt";"N;"2013-01-28 16:25:34"
"34";"9";"1";"0";"Frage 5 - Der t-Test im  klassischen einfachen linearen Regressionsmodell kann verwendet werden, um folgendes Testproblem zu lösen";"N;"2013-01-28 16:29:09"
"35";"9";"1";"0";"Frage 5 - Der t-Test im  klassischen einfachen linearen Regressionsmodell kann verwendet werden, um folgendes Testproblem zu lösen";"N;"2013-01-28 16:30:20"
"36";"9";"1";"0";"Frage 6 - Große Werte der Teststatistik F im  klassischen linearen Regressionsmodell besagen";"N;"2013-01-28 16:33:07"
"37";"9";"1";"0";"Frage 7 - Ein 95% Prädiktionsintervall zu einem neuen Regressorvektor x_0 ist";"N;"2013-01-28 16:35:33"
"38";"9";"1";"0";"Frage 8 ";"N;"2013-01-28 16:38:37"
"39";"9";"1";"0";"Frage 9 - Im linearen Regressionsmodell hat der Prädiktionswert y0 zum Regressorvektor x0 die Varianz ";"N;"2013-01-28 16:42:22"
"40";"9";"1";"0";"Frage 10 - 1 Kann die Reg.gerade neg Steigung haben, wenn der Korrelationskoef eines Datensatzes
pos ist?";"N;"2013-01-28 16:44:07"
"41";"9";"1";"0";"Frage 10 - 2 Muss die Reg.gerade eine Steigung nahe bei 1 haben, wenn der Korrelationskoef nahe bei 1 ist?";"N;"2013-01-28 16:45:48"
"42";"9";"1";"0";"Frage 10 - 3 Muss der Korrelationskoef nahe bei 0 sein, wenn die Reg.gerade eine Steigung nahe bei 0 hat?";"N;"2013-01-28 16:46:47"
"43";"9";"0";"0";"Frage 11 - n Werkstücke werden mit 2 Verfahren gemessen. Der Korrelationskoef zwischen den beiden Messreihen ist 1. Was ist richtig?";"N;"2013-01-28 16:49:19"
"44";"7";"0";"0";"Wünschen Sie sich in Ihrem Studium einen größeren Einsatz von e-Learning Werkzeugen? ";"";"2015-04-10 09:23:59"
"45";"7";"0";"0";"Halten Sie den Einsatz von e-Learning Werkzeugen wie die nuKIT-Tools oder den interaktiven Aufgabenpool für sinnvoll? ";"";"2015-04-01 09:33:14"
"46";"7";"0";"0";"Auf welchem Betriebssystem basiert Ihr Smartphone?";"";"2015-04-10 09:26:19"
"47";"7";"0";"0";"Besitzen Sie ein Smartphone?";"";"2015-04-10 09:36:02"
"48";"7";"0";"0";"Wenn Sie in der Vorlesung eine Frage haben, wie beurteilen Sie den Einfluss der Anonymität auf die Wahrscheinlichkeit, dass Sie diese Frage stellen? ";"";"2015-04-09 16:40:15"
"49";"7";"0";"0";"Auf welchem Betriebssystem basiert Ihr Smartphone?";"N;"2013-01-29 19:22:07"
"50";"2";"1";"0";"Auf welche Art / nach welchen Verfahren kann eine Rechenanlage Aufträge entgegennehmen, d.h. welche Betriebsarten kann sie ausführen?";"N;"2013-02-03 15:17:05"
"51";"2";"1";"0";"Assembler-Sprachen sind i.d.R. Turing-mächtig, können also beliebige (Turing-)berechenbare Funktionen berechnen. Wie könnte eine rekursiv definierte Funktion (wie bspw. die n-te Fibonacci-Zahl mit F(0)=0, F(1)=1 und F(n)=F(n-1)+F(n-2), falls n>1) mit einem Assembler-Programm berechnet werden?";"N;"2013-02-03 15:17:05"
"52";"2";"0";"0";"Was ist ein Thread? ";"N;"2013-02-04 09:32:39"
"53";"2";"1";"0";"Welche der folgenden Aufgaben sind konkrete Betriebssystem-Aufgaben? ";"N;"2013-02-04 09:32:39"
"54";"2";"0";"0";"Welche der folgenden Aussagen über Prozesse beschreibt den Zustand ""bereit""?";"N;"2013-02-04 09:32:39"
"55";"2";"1";"0";"Welches / welche der folgenden Rechenzeit-Zuteilungsverfahren gehört / gehören zum preemptive Scheduling? ";"N;"2013-02-04 09:32:39"
"56";"2";"1";"0";"Welche Aussagen gelten bzgl. VHDL und PROLOG?";"N;"2013-02-04 09:32:39"
"57";"2";"1";"0";"Welche dieser Aussagen beschreiben gültige Adressierungsarten? ";"N;"2013-02-04 09:32:39"
"58";"2";"1";"0";"Welche dieser Aussagen sind Vorteile der jeweiligen Programmiersprachenklasse gegenüber den anderen?";"N;"2013-02-04 09:32:39"
"59";"2";"1";"0";"Welche Merkmale hat eine Assembler-Sprache?";"N;"2013-02-04 09:32:39"
"60";"2";"1";"0";"Was sind Unterschiede zwischen der Morse-Kodierung und jeder beliebigen Huffman-Kodierung?";"N;"2013-02-05 10:27:12"
"61";"2";"1";"0";"Welche Besonderheit ergibt sich, wenn man einen Huffman-Code generiert, bei dem alle Zeichen dieselbe Auftretenswahrscheinlichkeit haben?";"N;"2013-02-05 10:27:12"
"62";"2";"1";"0";"Welche Besonderheiten treten beim Rechnen in 1-Komplement-Darstellung auf?";"N;"2013-02-05 10:27:12"
"63";"2";"1";"0";"Welche der folgenden Mengen von Codewörtern sind 1-fehler-korrigierbar?";"N;"2013-02-05 10:27:12"
"64";"2";"1";"0";"Welche dieser Zahlendarstellungen beinhalten mehr als eine Darstellung für die Null?";"N;"2013-02-05 10:27:12"
"65";"2";"1";"0";"Da alle Speicher eines Computers (Festplatte, Hauptspeicher, Caches, Register, usw.) zusammen endliche Größe haben, befindet sich jeder Computer zu jedem Zeitpunkt in einem von nur endlich vielen möglichen Zuständen. Was folgt daraus?";"N;"2013-02-05 10:27:12"
"66";"2";"1";"0";"Das Buskonzept eines Rechners unterscheidet folgende Busarten: ";"N;"2013-02-05 10:27:12"
"67";"2";"1";"0";"Was ist besonders an Assoziativ-Caches?";"N;"2013-02-05 10:27:12"
"68";"2";"1";"0";"Welche der folgenden Eigenschaften treffen auf einen Cache zu?";"N;"2013-02-05 10:27:12"
"69";"2";"1";"0";"Welche der folgenden Funktionseinheiten sind Bestandteile heutiger von Neumann-Rechner?";"N;"2013-02-05 10:27:12"
"70";"2";"1";"0";"Was ist besonders an Assoziativ-Caches im Least-Recently-Used-Modus?";"N;"2013-02-05 11:36:23"
"71";"2";"0";"0";"Eine universelle Turingmaschine...";"N;"2013-02-06 11:45:32"
"72";"2";"0";"0";"Ob P gleich NP ist, gehört zu den wichtigsten ungelösten mathematischen Problemen unserer Zeit. Welche theoretischen Möglichkeiten sind denkbar, um das Problem zu lösen?";"N;"2013-02-06 11:45:32"
"73";"2";"0";"0";"Welche Aussagen folgen, wenn A in Polynomialzeit auf B und B in Polynomialzeit auf C reduziert werden kann?";"N;"2013-02-06 11:45:32"
"74";"2";"0";"0";"Welche der folgenden Probleme sind berechenbar?";"N;"2013-02-06 11:45:32"
"75";"2";"0";"0";"Welche der folgenden Probleme sind semientscheidbar?";"N;"2013-02-06 11:45:32"
"76";"2";"0";"0";"Welche der Aussagen treffen auf die folgenden Flipflops zu?";"N;"2013-02-06 11:45:32"
"77";"2";"0";"0";"Welche der folgenden Aussagen treffen auf die CMOS-Technologie zu?";"N;"2013-02-06 11:45:32"
"78";"2";"0";"0";"Welche der folgenden Aussagen treffen auf synchrone Schaltwerke zu?";"N;"2013-02-06 11:45:32"
"79";"2";"0";"0";"Welche der folgenden Aussagen trifft auf ein BDD zu? ";"N;"2013-02-06 11:45:32"
"80";"2";"0";"0";"Welche folgenden Gattertypen können mit höchsten zwei PMOS und zwei NMOS Elementen in CMOS realisiert werden?";"N;"2013-02-06 11:45:32"
"81";"2";"1";"0";"Der CYK-Algorithmus...";"N;"2013-02-07 10:18:53"
"82";"2";"1";"0";"Die Chomsky-Normalform...";"N;"2013-02-07 10:18:53"
"83";"2";"1";"0";"Die Greibachnormalform...";"N;"2013-02-07 10:18:53"
"84";"2";"1";"0";"Kellerautomaten...";"N;"2013-02-07 10:18:53"
"85";"2";"1";"0";"Welche dieser Aussagen über Kellerautomaten sind richtig?";"N;"2013-02-07 10:18:53"
"86";"2";"1";"0";"Die Sprachen welcher der folgenden Sprachklassen sind durch Turingmaschinen aufzählbar?";"N;"2013-02-07 10:18:53"
"87";"2";"1";"0";"Die Turingtafel...";"N;"2013-02-07 10:18:53"
"88";"2";"1";"0";"Ein LBA...";"Ein LBA ist eine Turingmaschine, die kein unendliches Band zur Verfügung hat, sondern nur ein beliebiges, aber festes Vielfaches von der Eingabelänge an Bandsymbolen beschreiben darf. Ein LBA kann i.A. Turingmaschinen nicht simulieren, die mehr als linearen Platz in der Eingabelänge benötigen, und kann deshalb keine universelle Turingmaschine sein. Siehe hierzu Folien 4-27ff.";"2015-11-25 08:57:25"
"89";"2";"1";"0";"Eine deterministische Turingmaschine kann...";"N;"2013-02-07 10:18:53"
"90";"2";"1";"0";"Monotonte Grammatiken...";"N;"2013-02-07 10:18:53"
"91";"2";"1";"0";"Die Chomsky-Grammatiken sind wie folgt definiert:";"";"2015-03-18 09:56:44"
"92";"2";"1";"0";"Welche der folgenden Aussagen treffen auf die Chomsky-Hierarchie zu?";"";"2015-10-26 12:23:51"
"93";"2";"1";"0";"Welche der folgenden Symbole werden verwendet, um allgemein eine Grammatik zu definieren?";"";"2015-10-28 08:49:48"
"94";"2";"1";"1";"Ein endlicher Automat ohne Ausgabe wird über folgende Elemente definiert:";"Ein endlicher Automat ohne Ausgabe wird wie folgt definiert: A = (E, S, delta, s0, F). Siehe hierzu auch Folie 2-16. ";"2015-05-12 11:50:55"
"95";"2";"1";"1";"Welche der folgenden Aussagen bezüglich endlicher Automaten sind richtig?";"Mealy und Moore-Automaten sind Automaten mit Ausgabe, die zueinander äquivalent sind. Endliche Automaten ohne Ausgabe können auch als Moore- oder Mealy-Automat dargestellt werden, wobei die Ausgabe so definiert wird, dass Endzustände und Nichtendzustände des ursprünglichen endlichen Automaten ohne Ausgabe identifiziert werden können (im Prinzip kann man sich einen endlichen Automaten ohne Ausgabe als Spezialfall eines Moore-Automaten vorstellen, der in Endzuständen $true$ und in Nichtendzuständen $false$ ausgibt; wird nach Einlesen der kompletten Eingabe $true$ ausgegeben, wird die Eingabe akzeptiert). Jeder deterministische endliche Automat kann auch als nichtdeterministischer endlicher Automat dargestellt werden, und umgekehrt. Die Sprachklasse dieser Automaten ist gleich. Siehe hierzu auch die Folien 2-13, 2-45ff.";"2015-11-02 12:24:31"
"96";"2";"1";"0";"Welche der folgenden Aussagen treffen auf das Pumping-Lemma für endliche Automaten-Sprachen (PPL) zu?";"N;"2013-02-08 09:54:09"
"97";"2";"1";"0";"Welche der folgenden Aussagen treffen auf endliche Automaten ohne Ausgabe zu? ";"N;"2013-02-08 09:54:09"
"98";"2";"1";"0";"Welche der folgenden Aussagen treffen auf reguläre Ausdrücke zu?";"Siehe Folien 2-58ff";"2015-11-04 08:58:16"
"99";"2";"0";"0";"Fanden Sie diese Fragewoche hilfreich (die Lösungen erhalten Sie auf dem VAB)?";"N;"2013-02-08 09:54:09"
"100";"2";"0";"0";"Wie schätzen Sie Ihr Können für die Klausur ein?";"N;"2013-02-08 09:54:09"
"101";"7";"0";"0";"Halten Sie den Einsatz von e-Learning Werkzeugen wie die nuKIT-Tools oder den interaktiven Aufgabenpool für sinnvoll? ";"N;"2013-03-13 10:29:09"
"102";"7";"0";"0";"Halten Sie den Einsatz von e-Learning Werkzeugen wie die nuKIT-Tools oder den interaktiven Aufgabenpool für sinnvoll? ";"N;"2013-03-13 10:41:57"
"103";"2";"1";"0";"Die Turingtafel...";"N;"2013-04-09 13:10:05"
"104";"10";"0";"0";"ich frag mal was";"N;"2013-04-10 10:46:47"
"105";"10";"0";"0";"Single Choice: Wie viele Äpfel sollte man am Tag essen?";"N;"2013-04-11 08:09:31"
"106";"10";"0";"0";"Single Choice: Wie viele Äpfel sollte man am Tag essen?";"N;"2013-04-11 08:10:10"
"107";"10";"0";"0";"Single Choice: Wie viele Äpfel sollte man am Tag essen?";"N;"2013-04-11 08:11:04"
"108";"10";"2";"0";"Free: Welche Obstsorte mögen Sie am liebsten?";"N;"2013-04-11 08:12:06"
"109";"10";"1";"0";"Muliple Choice: Welche der folgende Obstsorten mögen Sie nicht?";"N;"2013-04-11 08:13:12"
"110";"10";"0";"0";"Single Choice: Wie viele Äpfel sollte man am Tag essen?";"N;"2013-04-12 14:18:27"
"111";"10";"0";"0";"Single Choice: Wie viele Äpfel sollte man am Tag essen?";"N;"2013-04-12 14:18:57"
"112";"10";"1";"0";"Muliple Choice: Welche der folgende Obstsorten mögen Sie nicht?";"N;"2013-04-12 14:20:13"
"113";"10";"2";"0";"Free: Welche Obstsorte mögen Sie am liebsten?";"N;"2013-04-12 14:21:20"
"114";"10";"1";"0";"Muliple Choice: Welche der folgende Obstsorten mögen Sie nicht?";"N;"2013-04-12 14:28:02"
"115";"16";"1";"0";"was ist or ?";"N;"2013-04-15 16:27:07"
"116";"10";"1";"0";"Mein 2. Fach ist...";"N;"2013-04-17 09:34:13"
"117";"10";"1";"0";"Mein 2. Fach ist...";"N;"2013-04-19 09:55:18"
"118";"10";"0";"0";"Ich bin im ... Fachsemester";"N;"2013-04-19 09:56:29"
"119";"10";"0";"0";"Ich bin im ... Fachsemester";"N;"2013-04-19 09:59:56"
"120";"10";"2";"0";"Free: Welche Obstsorte mögen Sie am liebsten?";"N;"2013-04-19 10:00:20"
"121";"10";"0";"0";"Single Choice: Wie viele Äpfel sollte man am Tag essen?";"N;"2013-04-19 10:02:27"
"122";"16";"1";"0";"Wieviele Gleichungssysteme sind bei 77 Variablen und 9 Ungleichungen zu betrachen?";"N;"2013-04-22 11:09:05"
"123";"18";"0";"0";"a) Jedes lineare Optimierungsproblem ...";"N;"2013-04-22 21:22:24"
"124";"18";"0";"0";"a) Jedes lineare Optimierungsproblem ...";"N;"2013-04-22 21:23:33"
"125";"18";"0";"0";"a) Jedes lineare Optimierungsproblem ...";"N;"2013-04-22 21:24:09"
"126";"18";"0";"0";"b) Wieviele Gleichungssysteme sind bei 77 Variablen und 9 Restriktionen ungefähr zu betrachten?";"N;"2013-04-22 21:25:26"
"127";"18";"0";"0";"a) Jedes lineare Optimierungsproblem ...";"N;"2013-04-23 10:36:32"
"128";"19";"0";"0";"Um wie viel % stieg die Produktivität?";"N;"2013-05-13 16:50:47"
"129";"19";"0";"0";"Um wie viel % stieg die Produktivität?";"N;"2013-05-14 08:28:30"
"130";"19";"0";"0";"Um wie viel % stieg die Produktivität?";"N;"2013-05-14 08:28:37"
"131";"19";"0";"0";"Um wie viel % stieg die Produktivität?";"N;"2013-05-14 08:28:40"
"132";"19";"0";"0";"Um wie viel % stieg die Produktivität?";"N;"2013-05-16 14:45:18"
"133";"19";"0";"0";"Prozent?";"N;"2013-05-16 14:47:04"
"134";"19";"0";"0";"Prozent?";"N;"2013-05-16 14:50:05"
"135";"19";"0";"0";"Wahrscheinlichkeit?";"N;"2013-05-16 15:06:23"
"136";"19";"0";"0";"Prozent?";"N;"2013-05-17 13:22:03"
"137";"20";"0";"0";"wie viele...";"N;"2013-05-23 10:55:30"
"138";"19";"0";"0";"Prozent?";"N;"2013-05-28 09:07:07"
"139";"20";"0";"0";"wie viele...";"N;"2013-06-16 21:13:35"
"140";"20";"0";"0";"wie viele...";"N;"2013-06-22 20:40:42"
"141";"22";"1";"0";"Wie groß ist der Umfang der Erde?";"N;"2013-09-03 10:47:40"
"142";"22";"1";"0";"Wie groß ist der Umfang der Erde?";"N;"2013-09-03 10:47:57"
"143";"22";"0";"0";"Welche Temperatur hat die Oberfläche der Sonne?";"N;"2013-09-03 10:54:08"
"144";"22";"1";"0";"Wie groß ist der Umfang der Erde?";"N;"2013-09-03 11:01:28"
"145";"22";"1";"0";"Wie groß ist der Umfang der Erde?";"N;"2013-09-03 11:08:46"
"146";"22";"1";"0";"Wie groß ist der Umfang der Erde?";"N;"2013-09-03 11:08:59"
"147";"22";"0";"0";"Welche Temperatur hat die Oberfläche der Sonne?";"N;"2013-09-03 11:09:18"
"148";"22";"0";"0";"Welche Temperatur hat die Oberfläche der Sonne?";"N;"2013-09-03 11:19:49"
"149";"22";"0";"0";"Welche Temperatur hat die Oberfläche der Sonne?";"N;"2013-09-03 11:21:02"
"150";"22";"0";"0";"Welche Temperatur hat die Oberfläche der Sonne?";"N;"2013-09-03 11:21:10"
"151";"22";"1";"0";"Wie groß ist der Umfang der Erde?";"N;"2013-09-03 11:21:50"
"152";"22";"1";"0";"Wie groß ist der Umfang der Erde?";"N;"2013-09-03 11:25:23"
"153";"20";"0";"0";"wie viele...";"N;"2013-09-12 19:13:09"
"154";"20";"0";"0";"wie viele...";"N;"2013-09-24 22:56:02"
"155";"20";"0";"0";"wie viele...";"N;"2013-09-24 22:58:57"
"156";"22";"0";"0";"Welche Temperatur hat die Oberfläche der Sonne?";"N;"2013-10-08 13:48:53"
"157";"22";"1";"0";"Wie groß ist der Umfang der Erde?";"N;"2013-10-08 15:31:20"
"158";"22";"1";"0";"";"N;"2013-10-08 15:33:09"
"159";"23";"0";"0";"What is the surface temperature of the sun?";"N;"2013-10-08 15:46:03"
"160";"23";"0";"0";"What is the circumference of the earth?";"N;"2013-10-08 15:51:46"
"161";"23";"0";"0";"How many Bravais lattices do exist?";"N;"2013-10-08 15:56:59"
"162";"23";"0";"0";"Why is the correct value for the circumference almost an integer?";"N;"2013-10-08 16:10:58"
"163";"23";"2";"0";"2 - What is the best invention of God?";"N;"2013-10-08 16:33:29"
"164";"23";"2";"0";"2 - What is the best invention of God?";"N;"2013-10-08 16:36:19"
"165";"23";"1";"0";"1 - Who was the first nobel prize winner in physics?";"N;"2013-10-08 17:00:26"
"166";"23";"0";"0";"1 - Who was the first nobel prize winner in physics?";"N;"2013-10-08 17:03:24"
"167";"23";"0";"0";"How many Bravais lattices should you know?";"N;"2013-10-08 17:04:43"
"168";"23";"0";"0";"1 - Who was the first nobel prize winner in physics?";"N;"2013-10-09 09:04:24"
"169";"23";"0";"0";"How many Bravais lattices should you know?";"N;"2013-10-09 09:08:43"
"170";"23";"0";"0";"What is the approximate circumference of the earth?";"N;"2013-10-09 09:14:44"
"171";"23";"0";"0";"Why is the correct value for the circumference almost an integer?";"N;"2013-10-09 09:15:40"
"172";"23";"1";"0";"1 - What is the best invention of God?";"N;"2013-10-09 09:17:06"
"173";"23";"2";"0";"2 - What is the best invention of God?";"N;"2013-10-09 09:18:54"
"174";"23";"2";"0";"2 - What is the best invention of God?";"N;"2013-10-09 09:19:50"
"175";"23";"1";"0";"1 - What is the best invention of God?";"N;"2013-10-09 09:21:46"
"176";"23";"1";"0";"1 - What is the best invention of God?";"N;"2013-10-09 09:22:09"
"177";"23";"1";"0";"1 - What is the best invention of God?";"N;"2013-10-09 09:25:00"
"178";"23";"0";"0";"1 - Who was the first nobel prize winner in physics?";"N;"2013-10-16 13:17:06"
"179";"24";"1";"0";"What should we do";"N;"2013-10-17 11:27:07"
"180";"23";"0";"0";"1 - Who was the first nobel prize winner in physics?";"N;"2013-10-17 16:23:19"
"181";"23";"0";"0";"Question 1";"N;"2013-10-17 17:16:35"
"182";"23";"0";"0";"";"N;"2013-10-17 17:16:48"
"183";"2";"1";"0";"Programmiersprachen sollten definiert werden durch";"N;"2013-10-17 23:27:07"
"184";"23";"0";"0";"1 - Who was the first nobel prize winner in physics?";"N;"2013-10-18 09:35:19"
"185";"2";"1";"0";"Wofür steht 3-sat?";"N;"2013-10-20 21:41:04"
"186";"2";"0";"0";"Gegen wen gewann die deutsche Fussball Nationalmannschaft im Finale von München 1974?";"N;"2013-10-21 12:07:34"
"187";"28";"2";"0";"Freitextfrage: Was geht ab?";"N;"2013-10-21 13:52:16"
"188";"28";"1";"0";"Welche Art von Smart Devices besitzen Sie?";"N;"2013-10-21 13:54:38"
"189";"4";"0";"0";"What do you think about E-learning?
";"N;"2013-10-21 21:23:47"
"190";"23";"0";"0";"Question with 3 answers";"N;"2013-10-22 09:59:36"
"191";"23";"0";"0";"Question with 4 answers";"N;"2013-10-22 10:07:40"
"192";"4";"0";"0";"Who discovered the electromagnetic field?";"N;"2013-10-22 10:15:17"
"193";"23";"0";"0";"Question with 3 answers";"N;"2013-10-22 10:44:11"
"194";"23";"0";"0";"Question with 4 answers";"N;"2013-10-22 10:55:58"
"195";"23";"0";"0";"Question with 4 answers";"N;"2013-10-22 11:06:08"
"196";"4";"0";"0";"Should KIT publish courses at itunes/U?";"N;"2013-10-22 12:34:38"
"197";"4";"0";"0";"What do you think about E-learning?";"N;"2013-10-22 12:34:39"
"198";"4";"0";"0";"What do you think about learning repositories?";"N;"2013-10-22 12:34:39"
"199";"4";"1";"0";"Where do we go for lunch today?";"N;"2013-10-22 12:34:39"
"200";"4";"1";"0";"Which mobile devices do you own?";"N;"2013-10-22 12:34:39"
"201";"2";"1";"0";"Wann ist eine Regel u->v einer kontextsensitiven Grammatik nicht kontextfrei?";"N;"2013-10-23 09:10:34"
"202";"23";"0";"0";"Question with 3 answers";"N;"2013-10-24 10:53:24"
"203";"23";"0";"0";"Question with 3 answers";"N;"2013-10-24 10:54:59"
"204";"23";"0";"0";"Question with 3 answers";"N;"2013-10-24 11:00:09"
"205";"23";"0";"0";"Question with 3 answers";"N;"2013-10-24 11:04:33"
"206";"23";"0";"0";"Question with 3 answers";"N;"2013-10-24 11:07:59"
"207";"23";"0";"0";"Question with 4 answers";"N;"2013-10-24 11:14:41"
"208";"23";"0";"0";"Question with 4 answers";"N;"2013-10-29 09:50:03"
"209";"23";"0";"0";"";"N;"2013-10-29 09:56:12"
"210";"23";"0";"0";"Question with 4 answers";"N;"2013-10-29 09:58:08"
"211";"23";"0";"0";"";"N;"2013-10-29 10:42:07"
"212";"23";"0";"0";"";"N;"2013-10-29 10:43:03"
"213";"23";"0";"0";"Question with 4 answers";"N;"2013-10-29 10:43:40"
"214";"23";"0";"0";"Question with 4 answers";"N;"2013-10-29 11:13:26"
"215";"23";"0";"0";"Question with 4 answers";"N;"2013-10-31 09:59:18"
"216";"23";"0";"0";"Question with 3 answers";"N;"2013-10-31 10:13:36"
"217";"2";"1";"0";"Welche der folgenden Aussagen treffen auf das Pumping-Lemma für endliche Automaten-Sprachen (PPL) zu?";"N;"2013-11-03 22:01:44"
"218";"23";"0";"0";"Question with 3 answers";"N;"2013-11-14 10:23:46"
"219";"23";"0";"0";"Question with 3 answers";"N;"2013-11-14 10:30:43"
"220";"23";"0";"0";"Question with 3 answers";"N;"2013-11-14 10:59:56"
"221";"23";"0";"0";"Question with 3 answers";"N;"2013-11-14 11:06:55"
"222";"20";"1";"1";"Question 1 - Here should be a long text to prove that everything is working fine. I hope there are not going to be so much troube";"";"2013-11-16 17:50:07"
"223";"2";"1";"0";"Die Chomsky-Grammatiken sind wie folgt definiert: ";"";"2013-11-17 17:37:29"
"224";"2";"1";"0";"Die Chomsky-Grammatiken sind wie folgt definiert: ";"";"2013-11-17 17:50:07"
"225";"2";"1";"1";"Für welche der folgenden Sprachen kann ein endlicher Automat angegeben werden?";"siehe Folien 2-25ff";"2013-11-18 09:34:41"
"226";"2";"1";"1";"Welche der folgenden Aussagen gelten, wenn der Startzustand s0 eines endlichen Automaten A auch Endzustand ist?";"siehe Folien 2-23ff ";"2013-11-18 09:34:41"
"227";"2";"1";"1";"Welche der folgenden Definitionen beschreiben einen endlichen Automaten A ohne Ausgabe?";"Ein endlicher Automat wird definiert über A = (E, S, delta, s0, F). Dabei sind E, S und F Mengen (diese können auch einelementig sein). Die Zustandsmenge S enthält alle Zustände, auch die Endzustände aus F. Ein endlicher Automat besitzt immer nur einen Startzustand, der üblicherweise s0 genannt wird, aber auch anders genannt werden kann. 
siehe Folien 2-16ff
";"2013-11-18 09:34:41"
"228";"2";"1";"1";"Welche der folgenden regulären Ausdrücke beschreiben die Sprache L, die maximal drei 1 enthält und mit einer 2 beginnt und mit einer 3 endet?";"siehe Folien 2-58ff";"2013-11-18 09:34:41"
"229";"2";"1";"1";"Welche der folgenden regulären Ausdrücke beschreiben die Sprache L={}?";"siehe Folien 2-61";"2013-11-18 09:34:41"
"230";"20";"0";"1";"Question 2 - Here should be a long text to prove that everything is working fine. I hope there are not going to be so much troube";"Comment - Here should be more Text to see if everything is working OK - Here should be more Text to see if everything is working OK - Here should be more Text to see if everything is working OK";"2013-11-20 20:07:46"
"231";"20";"0";"0";"Question 3 - Here should be a long text to prove that everything is working fine. I hope there are not going to be so much troube";"Comment - Here should be more Text to see if everything is working OK - Here should be more Text to see if everything is working OK - Here should be more Text to see if everything is working OK";"2013-11-20 20:07:46"
"232";"20";"1";"0";"Question 4 - Here should be a long text to prove that everything is working fine. I hope there are not going to be so much troube";"Comment - Here should be more Text to see if everything is working OK - Here should be more Text to see if everything is working OK - Here should be more Text to see if everything is working OK";"2013-11-20 20:07:46"
"233";"20";"2";"0";"Question 5 - Here should be a long text to prove that everything is working fine. I hope there are not going to be so much troube";"Comment - Here should be more Text to see if everything is working OK - Here should be more Text to see if everything is working OK - Here should be more Text to see if everything is working OK";"2013-11-20 20:07:46"
"234";"20";"1";"1";"Question 6 - Here should be a long text to prove that everything is working fine. I hope there are not going to be so much troube";"";"2013-11-20 20:07:46"
"235";"20";"0";"1";"Question 7 - Here should be a long text to prove that everything is working fine. I hope there are not going to be so much troube";"";"2013-11-20 20:07:47"
"236";"20";"0";"1";"Question 2 - Here should be a long text to prove that everything is working fine. I hope there are not going to be so much troube";"";"2013-11-20 20:32:38"
"237";"20";"0";"1";"Question 2 - Here should be a long text to prove that everything is working fine. I hope there are not going to be so much troube";"";"2013-11-20 20:38:57"
"238";"30";"1";"0";"What is the derivative of f(x)=exp(-x2)?";"";"2013-11-22 13:53:29"
"239";"30";"1";"1";"What is the actual  derivative of f(x)=exp(-x2)?";"";"2013-11-22 13:59:45"
"240";"31";"1";"1";"Hello";"";"2013-11-24 22:44:25"
"241";"2";"1";"1";"Das Pumping-Lemma für kontextfreie Sprachen...";"siehe Folie 3-35, 3-39";"2013-11-25 10:34:57"
"242";"2";"1";"1";"Die Greibach-Normalform...";"siehe Folie 3-34";"2013-11-25 10:34:57"
"243";"2";"1";"1";"Die Zustandsübergänge bei einem Kellerautomaten sind abhängig von...";"siehe Folie 3-4";"2013-11-25 10:34:57"
"244";"2";"1";"1";"Welche der folgenden Aussagen über Kellerautomaten sind richtig?";"siehe Folie 3-16";"2013-11-25 10:34:57"
"245";"2";"1";"1";"Welche der folgenden Produktionen entsprechen der einer kontextfreien Grammatik G=(N,T,P,S)?";"siehe Folie 3-17";"2013-11-25 10:34:57"
"246";"2";"1";"1";"Welche der folgenden Sprachen kann ein deterministischer Kellerautomat erkennen?";"siehe Folie 3-9ff";"2013-11-25 10:34:57"
"247";"31";"1";"1";"Hello";"";"2013-11-25 16:37:22"
"248";"31";"2";"0";"Question 2 .......";"";"2013-11-25 16:39:04"
"249";"31";"2";"0";"Question 2 .......";"";"2013-11-25 16:39:49"
"250";"31";"2";"0";"Question 2 .......";"";"2013-11-25 16:40:10"
"251";"31";"0";"1";"Question 4245 .......";"";"2013-11-25 16:44:20"
"252";"31";"0";"1";"question5";"";"2013-11-25 17:24:56"
"253";"31";"1";"1";"question1";"";"2013-11-25 17:25:48"
"254";"31";"0";"1";"question5";"";"2013-11-25 17:26:36"
"255";"31";"2";"0";"question123";"";"2013-11-25 17:27:38"
"256";"31";"1";"1";"question2";"";"2013-11-25 17:31:12"
"257";"31";"1";"1";"question3";"";"2013-11-25 17:31:12"
"258";"31";"0";"1";"question4";"COMMENT";"2013-11-25 17:31:12"
"259";"31";"0";"0";"";"";"2013-11-25 17:48:57"
"260";"2";"1";"0";"Die Chomsky-Grammatiken sind wie folgt definiert: ";"";"2013-11-27 15:24:12"
"261";"2";"1";"1";"Ein endlicher Automat ohne Ausgabe wird über folgende Elemente definiert:";"";"2013-11-28 17:31:28"
"262";"23";"0";"0";"Question with 2 answers";"";"2013-11-29 15:49:45"
"263";"23";"0";"0";"Question with 3 answers";"";"2013-11-29 15:50:37"
"264";"2";"1";"1";"Die Überführungsfunktion delta einer Turingmaschine ist definiert als...";"siehe Folie 4-10";"2013-12-02 18:14:25"
"265";"2";"1";"1";"Es gibt kontextsensitive Grammatiken, für die das Wortproblem (nach heutigem Kenntnisstand) mindestens folgenden Aufwand hat: ";"siehe Folie 4-6";"2013-12-02 18:14:25"
"266";"2";"1";"1";"Monotone Grammatiken...";"siehe Folien 4-3,  4-7";"2013-12-02 18:14:25"
"267";"2";"1";"1";"Wann akzeptiert eine Turingmaschine ein Eingabewort?";"siehe Folie 4-17";"2013-12-02 18:14:25"
"268";"2";"1";"1";"Welche der folgenden Produktionen entsprechen denen einer kontextsensitiven Grammatik?";"siehe Folie 4-2";"2013-12-02 18:14:25"
"269";"2";"1";"1";"Welche der folgenden Sprachen kann eine deterministische Turingmaschine akzeptieren?";"siehe Folie 4-19ff; 
L_H enthält alle Paare (c_T, w) aus derBeschreibung c_T einer Turingmaschine T die bei Eingabe des Wortes w hält. Eine Turingmaschine kann L_H akzeptieren, indem sie beispielsweise für jede eingegebene Turingmaschine T deren Arbeitsweise simuliert und akzeptierend anhält, falls T anhält. Sie kann allerdings nicht, falls T niemals anhält, nichtakzeptierend halten, das Halteproblem also entscheiden (bzw. das Komplement des Halteproblems akzeptieren).";"2013-12-02 18:14:26"
"270";"23";"0";"0";"Question with 3 answers";"";"2013-12-04 14:48:32"
"271";"23";"0";"0";"Question with 3 answers";"";"2013-12-04 14:51:31"
"272";"23";"0";"0";"Question with 3 answers";"";"2013-12-05 09:35:20"
"273";"23";"0";"0";"Question with 3 answers";"";"2013-12-05 09:55:06"
"274";"23";"0";"0";"Question with 4 answers";"";"2013-12-05 10:00:31"
"275";"23";"0";"0";"Question with 2 answers";"";"2013-12-05 10:51:55"
"276";"23";"0";"0";"Frage mit 4 Antworten";"";"2013-12-05 11:42:28"
"277";"2";"1";"1";"Eine universelle Turingmaschine...";"siehe Folie 5-18ff
";"2013-12-09 11:29:21"
"278";"2";"1";"1";"Ob P gleich NP ist, gehört zu den wichtigsten ungelösten Problemen der Informatik. Welche theoretischen Möglichkeiten sind denkbar, um das Problem zu lösen?";"siehe Folie 5-42
";"2013-12-09 11:29:21"
"279";"2";"1";"1";"Was ist ein Algorithmus?";"siehe Folie 5-2ff (und Grundlagen der Informatik II)";"2013-12-09 11:29:22"
"280";"2";"1";"1";"Welche Aussagen folgen, wenn A in Polynomialzeit auf B und B in Polynomialzeit auf C reduziert werden kann?";"siehe Folie 5-38ff
";"2013-12-09 11:29:22"
"281";"2";"1";"1";"Welche der folgenden Aussagen bezogen auf Komplexitätsklassen ist richtig?";"siehe Folie 5-37, 5-40-43";"2013-12-09 11:29:22"
"282";"2";"1";"1";"Welche der folgenden Aussagen sind korrekt? ";"siehe Folie 5-13";"2013-12-09 11:29:22"
"283";"2";"1";"1";"Welche der folgenden Mengen sind abzählbar aber nicht aufzählbar?";"siehe Folie 5-7, 5-9, 5-12";"2013-12-09 11:29:22"
"284";"2";"1";"1";"Welche der folgenden Probleme sind berechenbar?";"siehe Folie 5-6";"2013-12-09 11:29:22"
"285";"2";"1";"1";"Welche der folgenden Probleme sind semientscheidbar?";"siehe Folie 5-17";"2013-12-09 11:29:22"
"286";"2";"1";"1";"Wie kann die Komplexität von Problemen angegeben werden?";"siehe Folie 5-34";"2013-12-09 11:29:22"
"287";"23";"0";"0";"Frage mit 3 Antworten";"";"2013-12-10 10:16:04"
"288";"23";"0";"0";"Frage mit 3 Antworten";"";"2013-12-12 10:11:15"
"289";"23";"0";"0";"Frage mit 2 Antworten";"";"2013-12-13 09:03:50"
"290";"23";"0";"0";"Frage mit 3 Antworten";"";"2013-12-13 09:16:28"
"291";"2";"1";"1";"Welche der folgenden Aussagen bezogen auf Komplexitätsklassen ist richtig?";"";"2013-12-18 09:02:57"
"292";"34";"1";"0";"Wie finden Sie die Vorlesung?";"";"2013-12-19 10:58:18"
"293";"2";"1";"1";"Bei einer CMOS-Schaltung fließt der Strom zwischen...";"siehe Folie 6-49, 6-53";"2014-01-03 14:29:30"
"294";"2";"1";"1";"Welche der Aussagen treffen auf die folgenden Flipflops zu?";"siehe Folien 6-34ff";"2014-01-03 14:29:30"
"295";"2";"1";"1";"Welche der folgenden Aussagen treffen auf die CMOS-Technologie zu?";"siehe Folie 6-53";"2014-01-03 14:29:30"
"296";"2";"1";"1";"Welche der folgenden Aussagen treffen auf ein BDD zu? ";"siehe Folien 6-7, 6-9, 6-11, 6-12";"2014-01-03 14:29:30"
"297";"2";"1";"1";"Welche der folgenden Aussagen treffen auf synchrone Schaltwerke zu?";"siehe Folien 6-29, 6-30";"2014-01-03 14:29:30"
"298";"2";"1";"1";"Welche der folgenden Ebenen spielen beim Hardware-Entwurf eine Rolle?";"siehe Folie 6-64";"2014-01-03 14:29:30"
"299";"2";"1";"1";"Welche der folgenden Gattertypen können mit höchstens zwei PMOS und zwei NMOS Elementen in CMOS realisiert werden?";"siehe Folie 6-54";"2014-01-03 14:29:30"
"300";"2";"1";"1";"Welche der folgenden Schaltfunktionen wird durch ein synchrones JK-Flipflop realisiert?";"siehe Folien 6-37";"2014-01-03 14:29:30"
"301";"2";"1";"1";"Welche/s der folgenden Gatter wird symbolisch durch "">=1"" dargestellt?";"siehe Folie 6-19, 6-20";"2014-01-03 14:29:30"
"302";"2";"1";"1";"Wie sieht der p-MOS-Teil einer CMOS Schaltung für die Funktion f = ( not a and not b) aus?";"siehe Folie 6-52";"2014-01-03 14:29:31"
"303";"23";"0";"0";"Frage mit 2 Antworten";"";"2014-01-13 16:53:40"
"304";"23";"0";"0";"Frage mit 4 Antworten";"";"2014-01-14 09:32:51"
"305";"23";"0";"0";"Frage mit 2 Antworten";"";"2014-01-14 10:16:42"
"306";"23";"0";"0";"Frage mit 2 Antworten";"";"2014-01-14 10:23:53"
"307";"23";"0";"0";"Frage mit 2 Antworten";"";"2014-01-14 10:25:18"
"308";"23";"0";"0";"Frage mit 2 Antworten";"";"2014-01-14 10:27:01"
"309";"23";"0";"0";"Frage mit 3 Antworten";"";"2014-01-14 10:31:41"
"310";"23";"0";"0";"Frage mit 3 Antworten";"";"2014-01-14 10:39:31"
"311";"2";"1";"1";"Welche Aussagen zu den verschiedenen Kodierungsarten sind richtig? ";"siehe Folien 7-29, 7-36, 7-40, 7-47";"2014-01-26 19:46:43"
"312";"2";"1";"1";"Welche Besonderheit ergibt sich, wenn man einen Huffman-Code generiert, bei dem alle Zeichen dieselbe Auftretenswahrscheinlichkeit 

haben?";"siehe Folien 7-21, 7-22, 7-23";"2014-01-26 19:46:43"
"313";"2";"1";"1";"Welche Besonderheiten treten beim Rechnen in Einskomplement-Darstellung auf?";"siehe Folien 7-42, 7-43";"2014-01-26 19:46:43"
"314";"2";"1";"1";"Welche der folgenden Aussagen zum Hammingabstand sind korrekt?";"siehe Folie 7-13, 7-15";"2014-01-26 19:46:43"
"315";"2";"1";"1";"Welche der folgenden Binärstrings stellt -25,125 in der IEEE-754-Darstellung mit einfacher Genauigkeit dar? ";"siehe Folien 7-47, 7-48, 7-49";"2014-01-26 19:46:43"
"316";"2";"1";"1";"Welche der folgenden Kodierungsarten können verwendet werden, um ganze Zahlen darzustellen?";"siehe Folien 7-25, 7-35";"2014-01-26 19:46:43"
"317";"2";"1";"1";"Welche der folgenden Kodierungsarten wird bei der IEEE-754 Darstellung verwendet, um den Exponenten zu kodieren?";"siehe Folie 7-47";"2014-01-26 19:46:43"
"318";"2";"1";"1";"Auf welche der folgenden Speicher wird blockadressierbar zugegriffen?";"siehe Folien 8-40, 8-44";"2014-01-31 18:08:17"
"319";"2";"1";"1";"Da alle Speicher eines Computers (Festplatte, Hauptspeicher, Caches, Register, usw.) zusammen endliche Größe haben, befindet sich 

jeder Computer zu jedem Zeitpunkt in einem von nur endlich vielen möglichen Zuständen. Was folgt daraus?";"siehe Folie 8-7";"2014-01-31 18:08:18"
"320";"2";"1";"1";"Welche der folgenden Aufgaben gehören zu denen des Steuerwerks, d.h. zum Maschinenbefehlszyklus?";"siehe Folie 8-10";"2014-01-31 18:08:18"
"321";"2";"1";"1";"Welche der folgenden Aussagen beschreibt den physikalischen von Neumann-Engpass?";"siehe Folie 8-19";"2014-01-31 18:08:18"
"322";"2";"1";"1";"Welche der folgenden Aussagen sind richtig?";"siehe Folien 8-64, 8-65, 8-66";"2014-01-31 18:08:18"
"323";"2";"1";"1";"Wie unterscheidet sich simultanes Multi-Threading von echten Multi-Prozessor-Maschinen?
";"siehe Folien 8-32, 8-33";"2014-01-31 18:08:18"
"324";"2";"1";"1";"Da alle Speicher eines Computers Festplatte, Hauptspeicher, Caches, Register, usw.) zusammen endliche Größe haben, befindet sich jeder Computer zu jedem Zeitpunkt in einem von nur endlich vielen möglichen Zuständen. Was folgt daraus?";"siehe Folie 8-7";"2014-02-02 20:53:24"
"325";"20";"1";"1";"Question 1 - Here should be a long text to prove that everything is working fine. I hope there are not going to be so much troube";"";"2014-02-03 20:10:15"
"326";"20";"0";"0";"Question 3 - Here should be a long text to prove that everything is working fine. I hope there are not going to be so much troube";"";"2014-02-03 20:11:48"
"327";"37";"1";"1";"Was sind Unterschiede zwischen der Morse-Kodierung und jeder beliebigen Huffman-Kodierung?";"siehe Folien 7-9, 7-10, 7-11, 7-21, 7-23";"2014-02-04 16:25:26"
"328";"37";"1";"1";"Welche Aussagen zu den verschiedenen Kodierungsarten sind richtig? ";"siehe Folien 7-29, 7-36, 7-40, 7-47";"2014-02-04 16:25:26"
"329";"37";"1";"1";"Welche Besonderheit ergibt sich, wenn man einen Huffman-Code generiert, bei dem alle Zeichen dieselbe Auftretenswahrscheinlichkeit 

haben?";"siehe Folien 7-21, 7-22, 7-23";"2014-02-04 16:25:26"
"330";"37";"1";"1";"Welche Besonderheiten treten beim Rechnen in Einskomplement-Darstellung auf?";"siehe Folien 7-42, 7-43";"2014-02-04 16:25:27"
"331";"37";"1";"1";"Welche der folgenden Aussagen zum Hammingabstand sind korrekt?";"siehe Folien 7-13, 7-15";"2014-02-04 16:25:27"
"332";"37";"1";"1";"Welche der folgenden Binärstrings stellt -25,125 in der IEEE-754-Darstellung mit einfacher Genauigkeit dar? ";"siehe Folien 7-47, 7-48, 7-49";"2014-02-04 16:25:27"
"333";"37";"1";"1";"Welche der folgenden Kodierungsarten können verwendet werden, um ganze Zahlen darzustellen?";"siehe Folien 7-25, 7-35";"2014-02-04 16:25:27"
"334";"37";"1";"1";"Welche der folgenden Kodierungsarten wird bei der IEEE-754 Darstellung verwendet, um den Exponenten zu kodieren?";"siehe Folie 7-47";"2014-02-04 16:25:27"
"335";"37";"1";"1";"Welche der folgenden Mengen von Codewörtern sind 1-fehler-korrigierbar? ";"siehe Folie 7-15";"2014-02-04 16:25:27"
"336";"37";"1";"1";"Welche dieser Zahlendarstellungen beinhalten mehr als eine Darstellung für die Null?";"siehe Folien 7-28, 7-36, 7-40, 7-41, 7-44, 7-45";"2014-02-04 16:25:27"
"337";"37";"1";"1";"Auf welche der folgenden Speicher wird blockadressierbar zugegriffen?";"siehe Folien 8-40, 8-44";"2014-02-04 16:25:56"
"338";"37";"1";"1";"Da alle Speicher eines Computers Festplatte, Hauptspeicher, Caches, Register, usw.) zusammen endliche Größe haben, befindet sich jeder Computer zu jedem Zeitpunkt in einem von nur endlich vielen möglichen Zuständen. Was folgt daraus?";"siehe Folie 8-7";"2014-02-04 16:25:56"
"339";"37";"1";"1";"Das Buskonzept eines Rechners unterscheidet folgende Busarten:";"siehe Folien 8-15, 8-16";"2014-02-04 16:25:56"
"340";"37";"1";"1";"Was ist besonders an Assoziativ-Caches im Least-Recently-Used-Modus?";"siehe Folie 8-47";"2014-02-04 16:25:57"
"341";"37";"1";"1";"Welche der folgenden Aufgaben gehören zu denen des Steuerwerks, d.h. zum Maschinenbefehlszyklus?";"siehe Folie 8-10";"2014-02-04 16:25:57"
"342";"37";"1";"1";"Welche der folgenden Aussagen beschreibt den physikalischen von Neumann-Engpass?";"siehe Folie 8-19";"2014-02-04 16:25:57"
"343";"37";"1";"1";"Welche der folgenden Aussagen sind richtig?";"siehe Folien 8-64, 8-65, 8-66";"2014-02-04 16:25:57"
"344";"37";"1";"1";"Welche der folgenden Eigenschaften treffen auf einen Cache zu?";"siehe Folie 8-45";"2014-02-04 16:25:57"
"345";"37";"1";"1";"Welche der folgenden Funktionseinheiten sind Bestandteile heutiger von Neumann-Rechner?";"siehe Folie 8-4";"2014-02-04 16:25:57"
"346";"37";"1";"1";"Wie unterscheidet sich simultanes Multi-Threading von echten Multi-Prozessor-Maschinen?
";"siehe Folien 8-32, 8-33";"2014-02-04 16:25:57"
"347";"37";"1";"0";"Assembler-Sprachen sind i.d.R. Turing-mächtig, können also beliebige (Turing-)berechenbare Funktionen berechnen. Wie könnte eine rekursiv definierte Funktion (wie bspw. die n-te Fibonacci-Zahl mit F(0)=0, F(1)=1 und F(n)=F(n-1)+F(n-2), falls n>1) mit einem Assembler-Programm berechnet werden?";"";"2014-02-10 18:04:15"
"348";"37";"1";"1";"Das Markenfeld beim Befehlsaufbau eines Assemblers...";"siehe Folie 9-23";"2014-02-10 18:04:16"
"349";"37";"1";"1";"Über welche der folgenden Programmierebenen verfügen moderne Rechner?";"siehe Folie 9-5";"2014-02-10 18:04:16"
"350";"37";"1";"1";"Welche Aussagen gelten bzgl. VHDL und PROLOG?";"siehe Folien 9-28, 6-65";"2014-02-10 18:04:16"
"351";"37";"1";"1";"Welche der folgenden Aussagen sind richtig bezogen auf problemorientierte Programmiersprachen?";"siehe Folie 9-25";"2014-02-10 18:04:16"
"352";"37";"1";"1";"Welche dieser Aussagen beschreiben gültige Adressierungsarten?";"siehe Folie 9-18 - 9-21";"2014-02-10 18:04:16"
"353";"37";"1";"1";"Welche dieser Aussagen sind Vorteile der jeweiligen Programmiersprachenklasse gegenüber den anderen?";"siehe Folien 9-9, 9-10, 9-11, 9-22, 9-25 - 9-30";"2014-02-10 18:04:16"
"354";"37";"1";"1";"Welche Merkmale hat eine Assembler-Sprache?";"siehe Folie 9-23";"2014-02-10 18:04:16"
"355";"37";"0";"1";"Wie oft muss ein Assemblerprogramm beim Übersetzen durchlaufen werden?";"siehe Folie 9-32";"2014-02-10 18:04:16"
"356";"37";"1";"1";"Zu problemorientierten Programmiersprachen gehören...";"siehe Folie 9-26";"2014-02-10 18:04:16"
"357";"37";"1";"1";"Auf welche Art / nach welchen Verfahren kann eine Rechenanlage Aufträge entgegennehmen, d.h. welche Betriebsarten kann sie ausführen?";"siehe Folie 10-8";"2014-02-13 11:39:10"
"358";"37";"1";"1";"Ein Deadlock kann enstehen, weil... ";"siehe Folie 10-31";"2014-02-13 11:39:10"
"359";"37";"1";"1";"Was ist ein Thread? ";"";"2014-02-13 11:39:10"
"360";"37";"1";"1";"Welche der folgenden Aufgaben sind konkrete Betriebssystem-Aufgaben? ";"siehe Folien 10-23 - 10-34";"2014-02-13 11:39:11"
"361";"37";"0";"1";"Welche der folgenden Aussagen über Prozesse beschreibt den Zustand ""bereit""?";"siehe Folie 10-20";"2014-02-13 11:39:11"
"362";"37";"1";"1";"Welches / welche der folgenden Rechenzeit-Zuteilungsverfahren gehört / gehören zum preemptive Scheduling? ";"siehe Folie 10-25";"2014-02-13 11:39:11"
"363";"38";"0";"0";"Frage mit 4 Antworten";"";"2014-04-14 11:35:52"
"364";"38";"0";"0";"Frage mit 2 Antworten";"";"2014-04-14 13:35:42"
"365";"38";"0";"0";"Frage mit 4 Antworten";"";"2014-04-14 13:36:34"
"366";"38";"0";"0";"Frage mit 2 Antworten";"";"2014-04-15 10:02:19"
"367";"38";"0";"0";"Frage mit 2 Antworten";"";"2014-04-15 10:04:29"
"368";"38";"0";"0";"Frage mit 4 Antworten";"";"2014-04-15 10:07:36"
"369";"38";"0";"0";"Frage mit 4 Antworten";"";"2014-04-17 08:23:16"
"370";"38";"0";"0";"Frage mit 4 Antworten";"";"2014-04-17 08:29:58"
"371";"38";"0";"0";"";"";"2014-04-17 08:33:16"
"372";"38";"0";"0";"Frage mit 4 Antworten";"";"2014-04-17 08:34:43"
"373";"38";"0";"0";"Frage mit 3 Antworten";"";"2014-04-17 08:40:23"
"374";"38";"0";"0";"Frage mit 3 Antworten";"";"2014-04-17 08:43:59"
"375";"38";"0";"0";"Frage mit 2 Antworten";"";"2014-04-17 08:46:20"
"376";"38";"0";"0";"Frage mit 4 Antworten";"";"2014-04-17 08:46:30"
"377";"20";"1";"1";"Wo bin ich?";"";"2014-05-11 21:40:22"
"378";"20";"1";"1";"Wo bin ich?";"";"2014-05-11 21:40:50"
"379";"20";"1";"1";"Wo ist Johanna?";"";"2014-08-08 15:37:20"
"380";"44";"1";"1";"Welche der genannten Zustandsgrößen sind intensive Größen?";"";"2014-09-24 17:32:20"
"381";"44";"0";"1";"Beeinflusst der Feedzustand die Anzahl der Stufen in einer Rektifikationskolonne?";"";"2014-09-24 17:36:30"
"382";"44";"1";"0";"Frage:";"";"2014-09-30 08:13:48"
"383";"44";"1";"0";"Frage";"";"2014-09-30 08:23:09"
"384";"45";"1";"1";"Testfrage: Welches sind intensive Zustandsgrößen?";"";"2014-09-30 09:14:06"
"385";"2";"1";"1";"Eine universelle Turingmaschine...";"";"2014-10-16 13:15:05"
"386";"2";"1";"1";"Die Überführungsfunktion delta einer Turingmaschine ist definiert als...";"";"2014-10-16 13:28:22"
"387";"2";"1";"1";"Monotone Grammatiken...";"";"2014-10-16 13:29:45"
"388";"2";"1";"1";"Welche der folgenden Produktionen entsprechen denen einer kontextsensitiven Grammatik?";"";"2014-10-16 13:30:25"
"389";"2";"1";"0";"Welche Art von mobilen Geräten besitzen Sie?";"";"2014-10-19 23:18:36"
"390";"2";"1";"0";"Welche Art von mobilen Geräten besitzen Sie?";"";"2014-10-20 12:22:24"
"391";"38";"0";"0";"Frage mit 3 Antworten";"";"2014-10-23 08:49:01"
"392";"38";"0";"0";"Frage mit 3 Antworten";"";"2014-10-23 08:49:26"
"393";"46";"0";"0";"Frage mit 2 Antworten";"";"2014-10-23 09:03:21"
"394";"46";"0";"0";"Frage mit 3 Antworten";"";"2014-10-23 10:20:02"
"395";"46";"0";"0";"Frage mit 3 Antworten";"";"2014-10-23 10:21:16"
"396";"46";"0";"0";"Frage mit 3 Antworten";"";"2014-10-23 11:40:31"
"397";"2";"1";"0";"Die Chomsky-Grammatiken sind wie folgt definiert: ";"";"2014-10-26 21:23:39"
"398";"2";"1";"0";"Welche Eigenschaften interessieren uns bei formalen Sprachen?";"";"2014-10-27 12:38:07"
"399";"2";"1";"0";"Wann ist eine Regel u->v einer kontextsensitiven Grammatik nicht kontextfrei?";"";"2014-10-27 12:39:47"
"400";"46";"0";"0";"Frage mit 3 Antworten";"";"2014-10-28 09:21:47"
"401";"46";"0";"0";"Frage mit 3 Antworten";"";"2014-10-28 09:26:17"
"402";"46";"0";"0";"Frage mit 3 Antworten";"";"2014-10-28 09:27:27"
"403";"46";"0";"0";"Frage mit 2 Antworten";"";"2014-10-28 09:27:53"
"404";"46";"0";"0";"Frage mit 4 Antworten";"";"2014-10-28 09:39:35"
"405";"46";"0";"0";"Frage mit 3 Antworten";"";"2014-10-28 10:32:48"
"406";"46";"0";"0";"Frage mit 3 Antworten";"";"2014-10-28 10:33:43"
"407";"46";"0";"0";"Frage mit 3 Antworten";"";"2014-10-28 10:46:27"
"408";"46";"0";"0";"Frage mit 3 Antworten";"";"2014-10-28 10:48:37"
"409";"46";"0";"0";"Frage mit 3 Antworten";"";"2014-10-28 10:49:58"
"410";"46";"0";"0";"Frage mit 4 Antworten";"";"2014-10-28 10:51:55"
"411";"46";"0";"0";"Frage mit 2 Antworten";"";"2014-10-28 10:59:13"
"412";"46";"0";"0";"Frage mit 4 Antworten";"";"2014-10-28 10:59:19"
"413";"46";"0";"0";"Frage mit 4 Antworten";"";"2014-10-30 07:36:42"
"414";"46";"0";"0";"Frage mit 2 Antworten";"";"2014-10-30 07:37:30"
"415";"46";"0";"0";"Frage mit 4 Antworten";"";"2014-10-30 07:38:16"
"416";"46";"0";"0";"Frage mit 4 Antworten";"";"2014-10-30 07:43:08"
"417";"2";"0";"0";"Fanden Sie diese Fragewoche hilfreich (die Lösungen erhalten Sie auf dem VAB)?";"";"2014-11-06 09:24:35"
"418";"2";"1";"1";"Welche Besonderheiten treten beim Rechnen in Einskomplement-Darstellung auf?";"";"2014-11-06 09:25:54"
"419";"45";"1";"1";"Testfrage: Welches sind intensive Zustandsgrößen?";"";"2014-11-06 10:19:08"
"420";"45";"1";"1";"Testfrage: Welches sind intensive Zustandsgrößen?";"";"2014-11-06 10:47:35"
"421";"45";"1";"1";"Testfrage: Welches sind intensive Zustandsgrößen?";"";"2014-11-06 10:49:09"
"422";"45";"0";"1";"Wie viele Brauereien gibt es in Karlsruhe?";"";"2014-11-06 10:50:34"
"423";"45";"0";"1";"Wie viele Brauereien gibt es in Karlsruhe?";"";"2014-11-06 10:55:34"
"424";"45";"0";"1";"Wie viele Brauereien gibt es in Karlsruhe?";"";"2014-11-06 10:58:22"
"425";"45";"0";"0";"Wie viele Brauereien gibt es in Karlsruhe?";"";"2014-11-06 11:00:08"
"426";"20";"1";"1";"Question 6 - Here should be a long text to prove that everything is working fine. I hope there are not going to be so much troube";"";"2014-11-06 11:20:35"
"427";"45";"1";"1";"Testfrage: Welches sind intensive Zustandsgrößen?";"";"2014-11-06 17:22:39"
"428";"45";"0";"1";"Welche Rebsorte hat den größten Anteil im Anbaugebiet in Baden? ";"";"2014-11-06 17:25:41"
"429";"45";"0";"1";"Welche Rebsorte hat den größten Anteil im Anbaugebiet in Baden? ";"";"2014-11-06 17:28:09"
"430";"45";"0";"0";"Wie viele Brauereien gibt es in Karlsruhe?";"";"2014-11-06 17:29:38"
"431";"45";"1";"1";"Testfrage: Welches sind intensive Zustandsgrößen?";"";"2014-11-06 17:39:31"
"432";"45";"0";"0";"Frage:";"";"2014-11-06 17:44:55"
"433";"45";"1";"0";"1 Wie lautet die Definition der Partikel-Reynoldszahl?";"";"2014-11-11 11:16:07"
"434";"45";"1";"0";"1 Wie lautet die Definition der Partikel-Reynoldszahl?";"";"2014-11-11 11:19:14"
"435";"45";"1";"0";"1 Wie lautet die Definition der Partikel-Reynoldszahl?";"";"2014-11-11 11:19:54"
"436";"45";"1";"0";"2 In welcher Potenz hängt bei kleinen Partikel-Reanoldszahlen die Partikel-Sinkgeschwindigkeit w_f von der Partikelgröße x ab?";"";"2014-11-11 11:20:34"
"437";"45";"1";"0";"1 Wie lautet die Definition der Partikel-Reynoldszahl?";"";"2014-11-11 11:21:05"
"438";"2";"1";"0";"Die Zustandsübergänge eines Kellerautomaten sind abhängig von...";"Siehe hierzu auch Folie 3-4.";"2015-11-09 12:26:58"
"439";"2";"1";"1";"Nichtdeterminismus...";"Nichtdeterminismus ist ein Konzept, das (in der Informatik) nur zu mathematischen Zwecken eingeführt wurde und keine Entsprechung in der physikalischen Welt hat. Nicht Intel und nicht einmal Apple sind in der Lage, dieses Konzept herzustellen. Es dient vielmehr dazu, ein sehr mächtiges Instrument aus der realen Welt abzubilden, nämlich das ""Raten"". Wie viel einfacher wäre es etwa, aus einem Labrinth herauszufinden, wenn man an jeder Abzweigung den richtigen Weg erraten könnte. Ebenso scheinen viele andere Probleme des Alltags einfacher zu werden, wenn man voraussetzt, dass man gewisse Teilprobleme ""erraten"" kann. Durch Nichtdeterminismus kann man untersuchen, wie sich die Berechnungs-Mächtigkeit von Automaten ändern WÜRDE, wenn sie auf eine gewisse Weise raten KÖNNTEN (""raten"" heißt dabei aber insbesondere: immer richtig raten). Diese Vorstellung ist selbstverständlich sehr unformal und vage, aber sie ist hilfreich, wenn man das Big Picture verstehen will, das die Automatentheorie zeichnet.";"2014-11-17 11:44:29"
"440";"2";"1";"1";"Welche der folgenden Produktionen entsprechen denen einer kontextfreien Grammatik G=(N,T,P,S)?";"Kontextfreie Grammatiken enthalten nur Regeln, bei denen die linke Seite aus einem einzelnen Nonterminalsymbol besteht. Im Gegensatz zu kontextsensitiven Grammatiken sind hier auch Ableitungen auf das leere Wort (A -> lambda) erlaubt. Siehe hierzu auch Folie 3-17. ";"2014-11-17 11:44:29"
"441";"2";"1";"1";"Welche der Aussagen treffen auf die folgenden Flipflops zu?";"";"2014-11-27 09:39:39"
"442";"2";"1";"1";"Welche der Aussagen treffen auf die folgenden Flipflops zu?";"";"2014-11-27 09:43:55"
"443";"2";"1";"1";"Welche der folgenden Ebenen spielen beim Hardware-Entwurf eine Rolle?";"";"2014-11-27 09:47:51"
"444";"2";"1";"1";"Die Greibach-Normalform...";"";"2014-11-27 10:15:01"
"445";"2";"1";"1";"Welche der folgenden Aussagen über Kellerautomaten sind richtig?";"";"2014-11-27 10:16:36"
"446";"20";"1";"1";"Claudia, welchen Film haben wir heute geschaut?";"";"2014-12-16 01:38:12"
"447";"2";"1";"1";"Welche der folgenden Aussagen treffen auf BDDs zu? ";"Ein BDD ist das, was herauskommt, wenn man den in der Vorlesung vorgestellten Algorithmus zum Verschmelzen und Löschen von Knoten komplett zu Ende führt. Wir schreiben daher in Aufgabenstellungen einfach „BDD“ und nicht „reduziertes BDD“ o.ä., weil das redundant wäre. Siehe hierzu auch die Folien 6-7, 6-9, 6-11, 6-12.";"2014-12-22 10:50:27"
"448";"2";"1";"1";"Welche der folgenden Aussagen treffen auf die entsprechenden Flipflops zu?";"Ein JK-Flipflop wechselt („togglet“) bei j=k=1 in jedem Takt seinen Zustand zwischen 0 und 1. Für j!=k wird j gespeichert, für j=k=0 bleibt der Zustand erhalten. Siehe auch Folien 6-34ff.";"2014-12-22 10:50:27"
"449";"47";"1";"0";"Hallo
";"";"2015-01-16 09:56:45"
"450";"47";"1";"0";"Hallo
";"";"2015-01-16 10:59:36"
"451";"2";"1";"1";"Welche der folgenden Aussagen zu Hammingabstand und Hammingzahl sind korrekt?";"Der Hammingabstand zweier Codewörter beschreibt die Anzahl an Stellen, an denen sich die zwei Codewörter unterscheiden. Die Hammingzahl ist der kleinste Hammingabstand zwischen beliebigen Codewörtern eines Codes. Siehe hierzu die Folien 7-12, 7-14. ";"2015-01-16 11:57:55"
"452";"2";"1";"1";"Welche dieser Zahlendarstellungen enthalten mehr als eine Darstellung für die Null?";"Die Einskomplementdarstellung unterscheidet sich von der Zweikomplementdarstellung dadurch, dass die 0 hierbei doppelt dargestellt wird (bei 4 Bits: 0000, 1111). Die Zweikomplementdarstellung kann im Gegensatz dazu eine negativ Zahl mehr darstellen. Bei der einfachen Vorzeichen-Betrag-Darstellung, der Festpunktdarstellung und der Gleitpunktdarstellung nach IEEE-754 gibt es jeweils eine positive Null und eine negative Null. Siehe hierzu auch die Folien 7-28, 7-36, 7-40, 7-41, 7-44, 7-45. ";"2015-01-16 11:57:55"
"453";"47";"0";"0";"Wie viele Nullstellen hat f";"";"2015-01-17 02:00:36"
"454";"48";"1";"1";"Bei einer CMOS-Schaltung fließt der Strom zwischen...";"Siehe Folien 6-49, 6-53.";"2015-01-22 11:40:16"
"455";"48";"1";"1";"Welche der folgenden Aussagen treffen auf BDDs zu? 	";"Ein BDD ist das, was herauskommt, wenn man den in der Vorlesung vorgestellten Algorithmus zum Verschmelzen und Löschen von Knoten komplett zu Ende führt. Wir schreiben daher in Aufgabenstellungen einfach „BDD“ und nicht „reduziertes BDD“ o.ä., weil das redundant wäre. Siehe hierzu auch die Folien 6-7, 6-9, 6-11, 6-12.";"2015-01-22 11:40:17"
"456";"48";"1";"1";"Welche der folgenden Aussagen treffen auf die CMOS-Technologie zu?";"Das C steht für „complementary“ und bedeutet, dass die NMOS-Elemente immer komplementär zu den PMOS-Elementen angeordnet sein müssen (im Sinne Reihenschaltung vs. Parallelschaltung). CMOS ist heute die vorherrschende Schaltungstechnik in handelsüblichen Rechnern. Siehe Folie 6-53.";"2015-01-22 11:40:17"
"457";"48";"1";"1";"Welche der folgenden Aussagen treffen auf die entsprechenden Flipflops zu?";"Ein JK-Flipflop wechselt („togglet“) bei j=k=1 in jedem Takt seinen Zustand zwischen 0 und 1. Für j!=k wird j gespeichert, für j=k=0 bleibt der Zustand erhalten. Siehe auch Folien 6-34ff.";"2015-01-22 11:40:17"
"458";"48";"1";"1";"Welche der folgenden Aussagen treffen auf synchrone Schaltwerke zu?";"Ein Schaltwerk mit n Flipflops könnte beispielsweise 2^n verschiedene Zustände speichern, die bei entsprechender Verschaltung den (bis zu) 2^n Zuständen eines endlichen Automaten und deren Übergängen untereinander entsprechen können. Siehe auch Folien 6-29, 6-30.";"2015-01-22 11:40:17"
"459";"48";"1";"1";"Welche der folgenden Ebenen spielen beim Hardware-Entwurf eine Rolle?";"Siehe Folie 6-64.";"2015-01-22 11:40:17"
"460";"48";"1";"1";"Welche der folgenden Gattertypen können mit höchstens zwei PMOS und zwei NMOS Elementen in CMOS realisiert werden?";"Da man in CMOS die Negation praktisch „geschenkt bekommt“, sind die negierten Varianten unserer üblichen Gatter in CMOS einfacher realisierbar als die positiven. Sobald man aber NOT realisieren kann (mit einem NMOS- und einem PMOS-Element), kann durch Verknüpfung von NOT und einem Gatter X dessen Negation X‘ leicht realisiert werden, also auch die positiven Gatter OR und AND. Siehe hierzu auch Folie 6-54.";"2015-01-22 11:40:17"
"461";"48";"1";"1";"Welche der folgenden Schaltfunktionen wird durch ein synchrones JK-Flipflop realisiert?";"Siehe Folie 6-37.";"2015-01-22 11:40:17"
"462";"48";"1";"1";"Welche/s der folgenden Gatter wird symbolisch durch "">=1"" dargestellt?";"Siehe hierzu die Symbole auf den Folien 6-19, 6-20.";"2015-01-22 11:40:17"
"463";"48";"1";"1";"Wie sieht der p-MOS-Teil einer CMOS Schaltung für die Funktion f = ( not a and not b) aus?";"Die Funktion stellt ein NOR dar: nur wenn beide Eingaben a und b null sind, darf der PMOS-Teil die Eins durchleiten. Siehe auch Folie 6-52.";"2015-01-22 11:40:17"
"464";"48";"1";"1";"Was sind Unterschiede zwischen der Morse-Kodierung und jeder beliebigen Huffman-Kodierung?";"Wenn die Die Fano-Bedingung bei einer Kodierung gilt, dann bedeutet dies, dass kein Codewort der Anfang eines anderen Codeworts ist. Ist eine Kodierung injektiv und erfüllt diese auch die Fano-Bedingung, dann ist ihre natürliche Fortsetzung auch injektiv. Die Huffman-Kodierung wird anhand einer Textkasse berechnet und ist für diesen minimal, für eine andere muss dies aber nicht gelten. Siehe hierzu auch die Folien 7-9, 7-10, 7-11, 7-21, 7-23. ";"2015-01-22 11:40:30"
"465";"48";"1";"1";"Welche Aussagen zu den verschiedenen Kodierungsarten sind richtig? ";"Die BCD-Kodierung kodiert die Zahlen 0-9 durch eine Tetradenkodierung, die Zweikomplement-Darstellung kodiert eine negative Zahl mehr als die Einskomplement-Darstellung. Die Aiken-Kodierung ist wie die BCD-Kodierung eine Tetradenkodierung unter dem Aspekt, dass sie symmetrisch ist (Dualdarstellung von d für 0-4, Dualdarstellung von d+6 für 5-9). Siehe hierzu die  Folien 7-29, 7-36, 7-40, 7-47. ";"2015-01-22 11:40:30"
"466";"48";"1";"1";"Welche Besonderheit ergibt sich, wenn man einen Huffman-Code generiert, bei dem alle Zeichen dieselbe Auftretenswahrscheinlichkeit haben?";"Wenn alle Zeichen dieselbe Auftretenswahrscheinlichkeit haben, wird der Huffman Baum gleichmäßig erstellt. Ein ausbalancierter Baum ergibt sich jedoch nur dann, wenn die Anzahl an Zeichen einer Zweiterpotenz 2^n entspricht, da die zu kodierenden Zeichen nur so gleichmäßig zusammengefasst werden können und so ein Baum mit der Länge n entsteht. Jedes Codewort hat somit ebenfalls die Länge n. Siehe hierzu Folien 7-21, 7-22, 7-23. ";"2015-01-22 11:40:30"
"467";"48";"1";"1";"Welche Besonderheiten treten beim Rechnen in Einskomplement-Darstellung auf?";"Probieren Sie es doch einfach aus. Siehe hierzu auch die Folien 7-42, 7-43. ";"2015-01-22 11:40:30"
"468";"48";"1";"1";"Welche der folgenden Aussagen zum Hammingabstand sind korrekt?";"Der Hammingabstand zweier Codewörter beschreibt die Anzahl an Stellen, an denen sich die zwei Codewörter unterscheiden. Siehe hierzu die Folien 7-12, 7-14. ";"2015-01-22 11:40:30"
"469";"48";"1";"1";"Welche der folgenden Binärstrings stellt -25,125 in der IEEE-754-Darstellung mit einfacher Genauigkeit dar? ";"Das erste Bit (1) beschreibt das Vorzeichen. Die darauffolgenden 8 Bits (10000011) beschreiben die Charakteristik (q=127, e=c-q=4 <=> e=c-127 => c=131) und die verbleibenden 23 Bits die Mantisse (10010010000000000000000). Siehe hierzu die Folien 7-47, 7-48, 7-49. ";"2015-01-22 11:40:30"
"470";"48";"1";"1";"Welche der folgenden Kodierungsarten können verwendet werden, um (auch) ganze Zahlen darzustellen?";"All diese Kodierungsarten können unter anderem ganze Zahlen darstellen, auch wenn beispielsweise die IEEE-754-Darstellung bei höheren Zahlen keine vollständige Reihe darstellen kann und somit immer größere Lücken aufweist. Siehe hierzu Folien die 7-25, 7-35. ";"2015-01-22 11:40:30"
"471";"48";"1";"1";"Welche der folgenden Kodierungsarten wird bei der IEEE-754 Darstellung verwendet, um den Exponenten zu kodieren?
";"Der Exponent wird in der IEEE-754-Darstellung gespeichert. Hierbei gilt für q=2^(n-k-1)-1, wobei k die Anzahl Bits für die Darstellung der Mantisse ist und n die Anzahl aller Bits der Gleitpunktzahl. Siehe auch Folie 7-47. ";"2015-01-22 11:40:30"
"472";"48";"1";"1";"Welche der folgenden Mengen von Codewörtern sind 1-fehler-korrigierbar? ";"Wenn Codewörter 1-fehler-korrigierbar sind, bedeutet dies, dass das richtige Codewort wiederhergestellt werden kann, wenn maximal eine Stelle eines Codeworts falsch übertragen wurde. Hierfür muss der Hammingabstand mindestens 3 sein (hc >= 2k+1). Siehe hierzu auch Folie 7-15. ";"2015-01-22 11:40:31"
"473";"48";"1";"1";"Welche dieser Zahlendarstellungen beinhalten mehr als eine Darstellung für die Null?";"Die Einskomplementdarstellung unterscheidet sich von der Zweikomplementdarstellung dadruch, dass die 0 hierbei doppelt dargestellt wird (bei 4 Bits: 0000, 4444). Die Zweikomplementdarstellung kann im Gegensatz dazu eine negativ Zahl mehr darstellen. Bei der 

Einfachen Vorzeichen-Betrag-Darstellung, der Festpunktdarstellung und der Gleitpunktdarstellung nach IEEE-754 gibt es jeweils eine positive Null und eine negative Null. Siehe hierzu auch die Folien 7-28, 7-36, 7-40, 7-41, 7-44, 7-45. ";"2015-01-22 11:40:31"
"474";"48";"1";"1";"Auf welche der folgenden Speicher wird blockadressierbar zugegriffen?";"Blockadressierbar bedeutet, dass die Speicherelemente zu Blöcken zusammengefasst werden. Die Blöcke sind wahlfrei zugreifbar, innerhalb der Blöcke muss auf die Speicherelemente sequentiell zugegriffen werden. Siehe hierzu auch Folien 8-40, 8-44.";"2015-01-22 11:40:46"
"475";"48";"1";"1";"Da alle Speicher eines Computers (Festplatte, Hauptspeicher, Caches, Register, usw.) zusammen endliche Größe haben, befindet sich jeder Computer zu jedem Zeitpunkt in einem von nur endlich vielen möglichen Zuständen. Was folgt daraus?";"Diese Frage und die Antworten sind als sehr theoretisch aufzufassen. Ein einzelner Computer hat eine endliche Anzahl von Zuständen, in denen er sich befinden kann. Also kann er prinzipiell durch einen endlichen Automaten simuliert werden. Dieser hätte allerdings wohl mehr Zustände als es Atome im Universum gibt. Ebenso theoretisch ist die Aussage, dass nicht jeder endliche Automat durch einen Computer simuliert werden kann. Das stimmt nur für sehr große endliche Automaten, die nicht in den Speicher des jeweiligen festen Computers passen würden. Alle weiteren Antwortmöglichkeiten sind ebenfalls in diesem theoretischen Sinn zu lesen. Salopp gesagt gilt für alle Antwortmöglichkeiten, außer der dritten, dass man in einem PRAKTISCHEN Sinne die Kreuze genau invertieren müsste - aber in Info II geht es halt um die Theorie. Siehe Folie 8-7.";"2015-01-22 11:40:46"
"476";"48";"1";"1";"Das Buskonzept eines Rechners unterscheidet folgende Busarten: ";"Der Adressbus dient der Übertragung von Adressen, der Steuerbus der von Steuersignalen und der Datenbus überträgt die eigentlichen Daten (bspw. Operanden, Operatoren oder Rechenergebnisse) zwischen den getrennten Einheiten eines von-Neumann-Rechners. Siehe Folien 8-15, 8-16.";"2015-01-22 11:40:46"
"477";"48";"1";"1";"Was ist besonders an Assoziativ-Caches im Least-Recently-Used-Modus?";"Assoziativ-Caches sind nur dann sinnvoll, wenn die Speicherstruktur eine effiziente Suchabfrage nach Adressen im Speicher erlaubt. Es gibt Hardware, die den gesamten Speicher in konstanter Zeit nach einem Datum durchsuchen kann. Ist das nicht gegeben, muss der Cache sequentiell durchsucht werden, was lineare Zeit in der Speichergröße benötigt. Siehe Folie 8-47.";"2015-01-22 11:40:46"
"478";"48";"1";"1";"Welche der folgenden Aufgaben gehören zu denen des Steuerwerks, d.h. zum Maschinenbefehlszyklus?";"Das Generieren und Kodieren (eine Verschlüsselung im kryptographischen Sinne findet hier nicht statt) von Befehlen wird bei der Programmerstellung gewährleistet, also üblicherweise durch einen Assembler oder den Compiler einer höheren Programmiersprache. Siehe Folie 8-10 und Kapitel 9. ";"2015-01-22 11:40:46"
"479";"48";"1";"1";"Welche der folgenden Aussagen beschreibt den physikalischen von Neumann-Engpass?";"Eine Makro-Version des physikalischen von Neumann-Engpasses kann man beim Internet beobachten, wo der Engpass im Zeitverbrauch meist das Herunterladen von Daten ist, während die eigentliche Verarbeitung von Daten auf dem Rechner viel schneller geht. Siehe Folie 8-19.";"2015-01-22 11:40:46"
"480";"48";"1";"1";"Welche der folgenden Aussagen sind richtig?";"Die drei Protokolle (TCP, IP, UDP) sind drei wichtige Protokolle zur Kommunikation im Netz. UDP ist eine Alternative zur Verwendung von TCP, wird also nicht gleichzeitig benötigt. Siehe Folien 8-64, 8-65, 8-66. ";"2015-01-22 11:40:46"
"481";"48";"1";"1";"Welche der folgenden Eigenschaften treffen auf einen Cache zu?";"Der Cache-Speicher dient der Zwischenspeicherung von Daten, die voraussichtlich bald von der CPU benötigt werden. Der Cache ist erheblich schneller als der Hauptspeicher. Aufgrund der statischen Speicherzellen wird mehr Platz benötigt als bei den dynamischen Speicherzellen des Hauptspeichers Siehe Folie 8-45.";"2015-01-22 11:40:46"
"482";"48";"1";"1";"Welche der folgenden Funktionseinheiten sind Bestandteile heutiger von Neumann-Rechner?";"Im Arbeitsspeicher werden sowohl Daten gespeichert, die von Programmen verwendet werden, als auch die Programme selber (das ist ein wesentlicher Aspekt des seinerzeit neuartigen von-Neumann-Konzepts). Rechen- und Steuerwerk werden heute meist zur Central Processing Unit (CPU) zusammengefasst. Interne Busse sind für den Datentransport zwischen den verschiedenen Komponenten verantwortlich. Siehe Folie 8-4.";"2015-01-22 11:40:46"
"483";"48";"1";"1";"Wie unterscheidet sich simultanes Multi-Threading von echten Multi-Prozessor-Maschinen?";"Durch das mehrfache Vorhandensein mancher Bauteile, etwa Register, können manche Abläufe simultan durchgeführt werden, von denen sonst einer auf den anderen (bzw. genauer auf die Freigabe der entsprechenden Bauteile) warten müsste. Durch das verschränkte Ausführen von mehr als einem Thread entsteht der Eindruck, als ob zwei (langsamere) Prozessoren vorhanden wären, die gleichzeitig die beiden Threads bearbeiten. Dies erlaubt eine effizientere Abarbeitung als wenn streng sequentiell gerechnet würde (aber nur durch das Bereitstellen mehrerer ganzer Prozessorkerne erreicht man (fast) vollständige Simultanität). Siehe Folien 8-32, 8-33.";"2015-01-22 11:40:46"
"484";"20";"0";"1";"Question 2 - Here should be a long text to prove that everything is working fine. I hope there are not going to be so much troube";"";"2015-02-04 03:33:45"
"485";"48";"1";"1";"Assembler-Sprachen sind i.d.R. Turing-mächtig, können also beliebige (Turing-)berechenbare Funktionen berechnen. Wie könnte eine rekursiv definierte Funktion (wie bspw. die n-te Fibonacci-Zahl mit F(0)=0, F(1)=1 und F(n)=F(n-1)+F(n-2), falls n>1) mit einem Assembler-Programm berechnet werden?";"Assemblersprachen sind nach den Maschinensprachen die nächsthöhere Ebene in der Hierarchie der Programmiersprachen. Strukturell orientieren sie sich sehr an der zugrunde liegenden Maschinensprache, sie sind jedoch für den Menschen einfacher zu lesen. Sie sind vergleichbar mit den imperativen Programmiersprachen, es fehlen jedoch Methoden/Funktionen, komplexe Datenstrukturen und Programmstrukturen wie Schleifen und Rekursion (stattdessen muss alles mit GOTO-Befehlen umgesetzt werden). Siehe hierzu die Folien 9-22, 9-24. ";"2015-02-04 14:10:44"
"486";"48";"1";"1";"Das Markenfeld beim Befehlsaufbau eines Assemblers ...";"Siehe hierzu Folie 9-23. ";"2015-02-04 14:10:44"
"487";"48";"1";"1";"Über welche der folgenden Programmierebenen verfügen moderne Rechner?";"Mikroprogrammierung ist die Hardware-nächste Ebene mit direktem Zugriff auf den Maschinenbefehlszyklus (nach Auslieferung ist diese Ebene bei modernen Rechnern nicht mehr zugänglich). Maschinen- und Assemblersprachen stellen für Benutzer den Einstieg zur Programmierung der Rechner dar, wobei beide für die meisten realen Anwendungen nicht brauchbar sind. Turingmaschinen werden hardwaremäßig bei heutigen Rechnern leider nicht mitgeliefert, man kann sie aber zur Übung sehr schön mit höheren Programmiersprachen selbst implementieren. Siehe auch Folie 9-5 bzw. Quellcode des Info-II-Generators: http://sourceforge.net/projects/easyagentsimulation/files/InfoII-Generator.zip";"2015-02-04 14:10:44"
"488";"48";"1";"1";"Welche Aussagen gelten bezüglich PROLOG?";"PROLOG kann durch jede beliebige Turing-mächtige Programmiersprache simuliert werden. Es gehört in der klassischen Hierarchie zur obersten Klasse, den deklarativen Sprachen. Die Besonderheit dieser Sprache ist, dass man nicht die Lösung eines Problems angibt, wie das etwa bei imperativen Sprachen der Fall ist, sondern das Problem selbst. Es bleibt dem Interpreter (oder Compiler) überlassen, eine Problemlösung zu generieren, was für den Programmierer eine Entlastung darstellen und Programmierfehler verhindern kann. Siehe auch Folie 9-28. ";"2015-02-04 14:10:44"
"489";"48";"1";"1";"Welche der folgenden Aussagen sind richtig bezogen auf problemorientierte Programmiersprachen? ";"Viele der jeweiligen höhersprachlichen Strukturen werden nicht direkt auf Maschinenebene abgebildet, deshalb müssen sie entweder durch Übersetzung in äquivalente maschinensprachliche Konstrukte oder durch Ausführung im Rahmen eines anderen maschinensprachlichen Programms, des Interpreters, umgesetzt werden. Siehe auch Folie 9-25.";"2015-02-04 14:10:44"
"490";"48";"1";"1";"Welche dieser Aussagen beschreiben gültige Adressierungsarten? ";"Die wichtigsten Adressierungsarten auf Hardware-Ebene wurden vor allem bei imperativen Programmiersprachen, bspw. C (Assembler sowieso), aber auch bei manchen höheren Programmiersprachen direkt abgebildet. Sie können sich die Adressierungsarten folgendermaßen vorstellen: [Unmittelbar] – Konstanten (wir arbeiten mit dem angegebenen Wert). [Direkt] – Variablen (wir greifen auf eine Stelle im Speicher zu und arbeiten mit dem Wert dort, die Speicheradresse selber ist unsere Variable, der wir auch schon im Assembler einen Namen zuweisen können). [Indirekt] – Zeiger (wir speichern den Ort, also die Adresse, an dem eine Information gespeichert ist, in einer Variablen). [Indiziert] – für Arrays (wir addieren einen konstanten Wert auf die Adresse und verwenden den Wert der berechneten Adresse; der konstante Wert bezeichnet den Anfang des Arrays im Speicher). [Relativ] – nur auf Maschinensprachenebene von Bedeutung (es wird ebenfalls ein konstanter Wert addiert, um die direkt zu lesende Adresse zu ermitteln, der Wert bezeichnet aber diesmal den Beginn des Maschinenprogramms im Speicher; notwendig, damit ein Programm weiterhin funktioniert, wenn es in einen neuen Speicherbereich verschoben wird). [Implizit] – wenn die Adresse dem Assembler implizit bekannt ist, ohne dass der Programmierer sie angeben muss (typische Anwendung bei Sprungbefehlen). Siehe auch Folien 9-18 - 9-21.";"2015-02-04 14:10:44"
"491";"48";"1";"1";"Welche dieser Aussagen sind Vorteile der jeweiligen Programmiersprachenklasse gegenüber den anderen?";"Maschinen- und Assemblersprachen erlauben als einzige Kontrollstruktur für den Programmablauf sogenannte bedingte „GOTO“-Anweisungen, die zu einer vordefinierten Stelle im Programm springen können. Programme, die ausschließlich GOTO als Kontrollstruktur benutzen, werden mit wachsender Größe schnell unübersichtlich. Außer der Vermeidung von GOTO führen höhere Programmiersprachen verschiedene Konzepte zur besseren Strukturierung von Programmen ein. Hierzu gehört der Funktionsaufruf (inklusive Rekursion) bei imperativen Sprachen, das Abkapseln privater Bereiche in objektorientierten Sprachen (dazu Vererbung etc.), das Paradigma bei logischen Programmiersprachen, ein Problem anzugeben statt einer Lösung, und das Erlauben von Programmcode als Funktions-Parameter (sog. „Lambda“-Ausdrücke) bei funktionalen Programmiersprachen (letzteres kann seit Version 8 auch Java). Siehe auch Folien 9-9, 9-10, 9-11, 9-22, 9-25 - 9-30.";"2015-02-04 14:10:44"
"492";"48";"1";"1";"Welche Merkmale hat eine Assembler-Sprache?";"Assemblersprachen sind Turing-mächtig, wie die allermeisten üblichen Programmiersprachen, daher können zumindest prinzipiell alle Programme aus diesen Sprachen in Assembler übersetzt werden. Für manche Interpretersprachen, zu denen auch Java gehört, gibt es allerdings keine Compiler. Solche Sprachen werden immer interpretiert, bzw. im Fall von Java statt in Assembler in einen höhersprachlichen und portierbaren „Assembler“ übersetzt, den Bytecode, der bei der Ausführung durch die Java Virtual Machine interpretiert wird. Siehe hierzu Folie 9-22ff. ";"2015-02-04 14:10:44"
"493";"48";"1";"1";"Wie oft muss ein Assemblerprogramm beim Übersetzen durchlaufen werden?";"Jeder der beiden Assemblerläufe erfolgt linear vom Beginn des Programms zu seinem Ende. Im ersten Durchlauf sammelt der Assembler symbolische Notationen (Variablen und Labels für Sprungbefehle) und deren Verweise, um sie im zweiten Durchlauf aufzulösen. Sehr ähnlich arbeitet übrigens das Textsatz-System TeX, das bspw. für die korrekte Zuweisung von Seitenzahlen in Verzeichnissen zwei Läufe benötigt. Siehe auch Folie 9-32.";"2015-02-04 14:10:44"
"494";"48";"1";"1";"Zu problemorientierten Programmiersprachen gehören...";"Imperative Programmiersprachen wurden heute weitgehend von funktionalen oder objektorientierten abgelöst. Die Grenzen der letzteren zueinander verschwimmen in letzter Zeit immer mehr – so hat Java als klassisch objektorientierte Sprache inzwischen wesentliche funktionale Elemente (vgl. Lambda-Ausdrücke). Siehe Folie 9-26. ";"2015-02-04 14:10:44"
"495";"48";"1";"1";"Auf welche Art / nach welchen Verfahren kann eine Rechenanlage Aufträge entgegennehmen, d.h. welche Betriebsarten kann sie ausführen?";"Um von einer Rechenanlage eine gewünschte Rechenleistung zu erhalten, muss ein Benutzer einen Auftrag (auch „Job“) formulieren. Ein Auftrag ist eine nichtleere endliche Menge von möglicherweise gegenseitig abhängigen Teilaufträgen. Ein Teilauftrag (auch „Task“) ist eine endliche Folge von Betriebssystemkommandos zusammen mit den zu ihrer Ausführung nötigen Betriebsmitteln. Die Art und Weise, in der eine Rechenanlage Aufträge entgegennimmt und bearbeitet, bezeichnet man als Betriebsart der Rechenanlage; im Allgemeinen sind mehrere Betriebsarten auf einer Rechenanlage möglich, darunter insbesondere: Stapelbetrieb, Multiprogrammbetrieb, Dialogbetrieb, Echtzeitbetrieb, Client/Server-Betrieb. Siehe auch Folie 10-8.";"2015-02-09 10:36:55"
"496";"48";"1";"1";"Ein Deadlock kann entstehen, wenn... ";"Ein Deadlock entsteht immer dann, wenn ein Prozess X auf die Freigabe eines Betriebsmittels wartet, das ihm aus irgendwelchen Gründen nie wieder zugeordnet werden wird. Ein typischer Fall ist, dass es noch einen anderen Prozess Y gibt, der das Betriebsmittel, auf das X wartet, blockiert, während Y selbst auf ein Betriebsmittel wartet, das X blockiert. Als Voraussetzungen zur Vermeidung von Deadlocks gilt es, kritische Bereiche von Beginn an zu identifizieren und in atomare Aktionen zu verpacken, die niemals unterbrochen werden können. Dafür bieten moderne Programmiersprachen verschiedene Hilfsmittel wie Semaphore oder Monitore an. Siehe auch Folie 10-31.";"2015-02-09 10:36:55"
"497";"48";"1";"1";"Was ist ein kritischer Bereich?";"Ein kritischer Bereich eines Prozesses ist eine Folge von (atomaren) Operationen, in denen ein Prozess nicht unterbrochen werden darf. Wenn beispielsweise ein Prozess P1 eine Speicherzelle mit einem Wert n belegt, um später mit diesem Wert weiterzurechnen, dann darf kein anderer Prozess P2 den Prozess P1 vor Abrufen des Werts n unterbrechen und dieselbe Speicherzelle mit einem anderen Wert m ungleich n belegen. Wenn mehrere Prozesse um dasselbe Betriebsmittel konkurrieren, können kritische Bereiche entstehen; solche Prozesse nennt man voneinander abhängig. Das Betriebssystem muss voneinander abhängige Prozesse korrekt synchronisieren, also in einen gegenseitig verträglichen Ablauf bringen.";"2015-02-09 10:36:55"
"498";"48";"1";"1";"Was ist ein Thread? ";"Threads stellen eine wichtige Variante von Prozessen dar, wobei ebenfalls ein eigener Kontrollfluss vorhanden ist, aber auf den gemeinsamen Adressraums eines übergeordneten Prozesses zugegriffen wird. Threads werden in der Programmierung eingesetzt, um mehrere Aktionen simultan auszuführen. Ein Prozess ist ein zeitlicher Ablauf einer Folge von Aktionen eines Rechners, die zu einer identifizierbaren funktionellen Einheit zusammengefasst sind. Siehe hierzu auch Folie 10-18.";"2015-02-09 10:36:55"
"499";"48";"1";"1";"Welche der folgenden Aufgaben sind konkrete Betriebssystem-Aufgaben? ";"Zu den typischen Aufgaben, die Betriebssysteme übernehmen, gehören Prozessorverwaltung (also Zuteilung von Rechenzeit), Hauptspeicherverwaltung, Programmausführung, Zugriff auf Eingabe-/Ausgabegeräte, Netzzugriff, Zugriff auf Dateien usw. Siehe auch Folien 10-23 - 10-34.";"2015-02-09 10:36:55"
"500";"48";"1";"1";"Welche der folgenden Aussagen über Prozesse beschreibt den Zustand ""bereit""? ";"Prozesse befinden sich immer in einem von fünf möglichen Zuständen: Initiiert (der Prozess ist dem Betriebssystem bekannt, wurde im Zwischenspeicher abgelegt, ist aber noch nicht zur Bearbeitung zugelassen); Bereit (der Prozess besitzt mit Ausnahme des Prozessors alle zu seiner Bearbeitung notwendigen Betriebsmittel); Aktiv (der Prozess hat zusätzlich Zugriff auf den Prozessor und wird dort ausgeführt; maximal ein Prozess kann in diesem Zustand sein, es sei denn, es gibt mehrere Prozessoren); Blockiert (der Prozess wartet auf Eintritt eines bestimmten Ereignisses, beispielsweise Abschluss einer Eingabe/Ausgabe-Operation oder Zuteilung eines Betriebsmittels); Terminiert (der Prozess hat seine Berechnungen beendet und die von ihm belegten Betriebsmittel freigegeben). Siehe auch Folie 10-20.";"2015-02-09 10:36:55"
"501";"48";"1";"1";"Welche Sicherheitsaspekte gehören zu den Aufgaben von Betriebssystemen?";"Die Gewährleistung von Sicherheit wird immer mehr zu einer wesentlichen Aufgabe eines Betriebssystems. Unter Sicherheit versteht man unter anderem: Zuverlässigkeit (die Aufgaben des Betriebssystems sollen korrekt entsprechend den spezifizierten Anforderungen erfüllt werden, möglichst trotz des potentiellen Auftretens interner Fehler); Verfügbarkeit (das Betriebssystem muss gewährleisten, dass auch beim Ausfall von Hard- oder Softwarekomponenten im eigenen oder entfernten Rechner die zu erbringenden Dienste für den Benutzer bereitstehen); Vertraulichkeit (das Betriebssystem muss Dienste bereitstellen, die es ermöglichen, den Informationszugriff auf spezifizierte Kommunikationspartner bzw. Benutzer einzuschränken, beispielsweise durch kryptographische Kommunikationsprotokolle); Zugriffsschutz (das Betriebssystem muss gewährleisten, dass kein unberechtigter Zugriff auf Daten oder auf Dienste möglich ist, vgl. Sandbox-Modell von Java); Nachvollziehbarkeit (das Betriebssystem muss gewährleisten, dass Zugriffe auf Daten oder Dienste nachvollziehbar sind, beispielsweise durch „Systemlog“ oder ähnliches).";"2015-02-09 10:36:55"
"502";"48";"1";"1";"Welches / welche der folgenden Rechenzeit-Zuteilungsverfahren gehört / gehören zum preemptive Scheduling? ";"Scheduling-Verfahren werden als „preemptive“ bezeichnet, wenn ein Prozess vor seiner Fertigstellung unterbrochen werden kann, falls t0 > t. Im Gegensatz dazu, wird ein Verfahren, bei dem ein Prozess nie vor seiner Fertigstellung unterbrochen werden kann, „nonpreemptive“ Scheduling genannt. Dementsprechend ist Round-Robin offensichtlich ein „preemptive“ Verfahren. Siehe hierzu auch Folie 10-25.";"2015-02-09 10:36:55"
"503";"48";"0";"0";"Wie hilfreich fanden Sie die nuKIT-Fragen";"";"2015-02-09 10:36:55"
"504";"48";"0";"0";"Wie schätzen Sie sich selbst für die Abschlussklausur auf Ihre Endnote bezogen ein?";"";"2015-02-09 10:36:55"
"505";"49";"1";"1";"Auf welche Art / nach welchen Verfahren kann eine Rechenanlage Aufträge entgegennehmen, d.h. welche Betriebsarten kann sie ausführen?";"Um von einer Rechenanlage eine gewünschte Rechenleistung zu erhalten, muss ein Benutzer einen Auftrag (auch „Job“) formulieren. Ein Auftrag ist eine nichtleere endliche Menge von möglicherweise gegenseitig abhängigen Teilaufträgen. Ein Teilauftrag (auch „Task“) ist eine endliche Folge von Betriebssystemkommandos zusammen mit den zu ihrer Ausführung nötigen Betriebsmitteln. Die Art und Weise, in der eine Rechenanlage Aufträge entgegennimmt und bearbeitet, bezeichnet man als Betriebsart der Rechenanlage; im Allgemeinen sind mehrere Betriebsarten auf einer Rechenanlage möglich, darunter insbesondere: Stapelbetrieb, Multiprogrammbetrieb, Dialogbetrieb, Echtzeitbetrieb, Client/Server-Betrieb. Siehe auch Folie 10-8.";"2015-02-12 14:08:14"
"506";"49";"1";"1";"Ein Deadlock kann entstehen, wenn... ";"Ein Deadlock entsteht immer dann, wenn ein Prozess X auf die Freigabe eines Betriebsmittels wartet, das ihm aus irgendwelchen Gründen nie wieder zugeordnet werden wird. Ein typischer Fall ist, dass es noch einen anderen Prozess Y gibt, der das Betriebsmittel, auf das X wartet, blockiert, während Y selbst auf ein Betriebsmittel wartet, das X blockiert. Als Voraussetzungen zur Vermeidung von Deadlocks gilt es, kritische Bereiche von Beginn an zu identifizieren und in atomare Aktionen zu verpacken, die niemals unterbrochen werden können. Dafür bieten moderne Programmiersprachen verschiedene Hilfsmittel wie Semaphore oder Monitore an. Siehe auch Folie 10-31.";"2015-02-12 14:08:15"
"507";"49";"1";"1";"Was ist ein kritischer Bereich?";"Ein kritischer Bereich eines Prozesses ist eine Folge von (atomaren) Operationen, in denen ein Prozess nicht unterbrochen werden darf. Wenn beispielsweise ein Prozess P1 eine Speicherzelle mit einem Wert n belegt, um später mit diesem Wert weiterzurechnen, dann darf kein anderer Prozess P2 den Prozess P1 vor Abrufen des Werts n unterbrechen und dieselbe Speicherzelle mit einem anderen Wert m ungleich n belegen. Wenn mehrere Prozesse um dasselbe Betriebsmittel konkurrieren, können kritische Bereiche entstehen; solche Prozesse nennt man voneinander abhängig. Das Betriebssystem muss voneinander abhängige Prozesse korrekt synchronisieren, also in einen gegenseitig verträglichen Ablauf bringen.";"2015-02-12 14:08:15"
"508";"49";"1";"1";"Was ist ein Thread? ";"Threads stellen eine wichtige Variante von Prozessen dar, wobei ebenfalls ein eigener Kontrollfluss vorhanden ist, aber auf den gemeinsamen Adressraums eines übergeordneten Prozesses zugegriffen wird. Threads werden in der Programmierung eingesetzt, um mehrere Aktionen simultan auszuführen. Ein Prozess ist ein zeitlicher Ablauf einer Folge von Aktionen eines Rechners, die zu einer identifizierbaren funktionellen Einheit zusammengefasst sind. Siehe hierzu auch Folie 10-18.";"2015-02-12 14:08:15"
"509";"49";"1";"1";"Welche der folgenden Aufgaben sind konkrete Betriebssystem-Aufgaben? ";"Zu den typischen Aufgaben, die Betriebssysteme übernehmen, gehören Prozessorverwaltung (also Zuteilung von Rechenzeit), Hauptspeicherverwaltung, Programmausführung, Zugriff auf Eingabe-/Ausgabegeräte, Netzzugriff, Zugriff auf Dateien usw. Siehe auch Folien 10-23 - 10-34.";"2015-02-12 14:08:15"
"510";"49";"1";"1";"Welche der folgenden Aussagen über Prozesse beschreibt den Zustand ""bereit""? ";"Prozesse befinden sich immer in einem von fünf möglichen Zuständen: Initiiert (der Prozess ist dem Betriebssystem bekannt, wurde im Zwischenspeicher abgelegt, ist aber noch nicht zur Bearbeitung zugelassen); Bereit (der Prozess besitzt mit Ausnahme des Prozessors alle zu seiner Bearbeitung notwendigen Betriebsmittel); Aktiv (der Prozess hat zusätzlich Zugriff auf den Prozessor und wird dort ausgeführt; maximal ein Prozess kann in diesem Zustand sein, es sei denn, es gibt mehrere Prozessoren); Blockiert (der Prozess wartet auf Eintritt eines bestimmten Ereignisses, beispielsweise Abschluss einer Eingabe/Ausgabe-Operation oder Zuteilung eines Betriebsmittels); Terminiert (der Prozess hat seine Berechnungen beendet und die von ihm belegten Betriebsmittel freigegeben). Siehe auch Folie 10-20.";"2015-02-12 14:08:15"
"511";"49";"1";"1";"Welche Sicherheitsaspekte gehören zu den Aufgaben von Betriebssystemen?";"Die Gewährleistung von Sicherheit wird immer mehr zu einer wesentlichen Aufgabe eines Betriebssystems. Unter Sicherheit versteht man unter anderem: Zuverlässigkeit (die Aufgaben des Betriebssystems sollen korrekt entsprechend den spezifizierten Anforderungen erfüllt werden, möglichst trotz des potentiellen Auftretens interner Fehler); Verfügbarkeit (das Betriebssystem muss gewährleisten, dass auch beim Ausfall von Hard- oder Softwarekomponenten im eigenen oder entfernten Rechner die zu erbringenden Dienste für den Benutzer bereitstehen); Vertraulichkeit (das Betriebssystem muss Dienste bereitstellen, die es ermöglichen, den Informationszugriff auf spezifizierte Kommunikationspartner bzw. Benutzer einzuschränken, beispielsweise durch kryptographische Kommunikationsprotokolle); Zugriffsschutz (das Betriebssystem muss gewährleisten, dass kein unberechtigter Zugriff auf Daten oder auf Dienste möglich ist, vgl. Sandbox-Modell von Java); Nachvollziehbarkeit (das Betriebssystem muss gewährleisten, dass Zugriffe auf Daten oder Dienste nachvollziehbar sind, beispielsweise durch „Systemlog“ oder ähnliches).";"2015-02-12 14:08:15"
"512";"49";"1";"1";"Welches / welche der folgenden Rechenzeit-Zuteilungsverfahren gehört / gehören zum preemptive Scheduling? ";"Scheduling-Verfahren werden als „preemptive“ bezeichnet, wenn ein Prozess vor seiner Fertigstellung unterbrochen werden kann, falls t0 > t. Im Gegensatz dazu, wird ein Verfahren, bei dem ein Prozess nie vor seiner Fertigstellung unterbrochen werden kann, „nonpreemptive“ Scheduling genannt. Dementsprechend ist Round-Robin offensichtlich ein „preemptive“ Verfahren. Siehe hierzu auch Folie 10-25.";"2015-02-12 14:08:15"
"513";"49";"0";"0";"Wie hilfreich fanden Sie die nuKIT-Fragen";"";"2015-02-12 14:08:15"
"514";"49";"0";"0";"Wie schätzen Sie sich selbst für die Abschlussklausur auf Ihre Endnote bezogen ein?";"";"2015-02-12 14:08:15"
"515";"2";"0";"0";"Wer entdeckte die elektromagnetische Strahlung?";"";"2015-03-17 20:40:28"
"516";"2";"1";"0";"Wohin gehen wir heute essen?";"";"2015-03-17 20:40:28"
"517";"2";"0";"0";"Wer wird dieses Jahr Deutsche Meister?";"";"2015-03-17 20:40:28"
"518";"2";"1";"0";"Welche Kombination von Eingabewerten ist bei dem RS FLipflop nicht zulässig?";"";"2015-03-17 20:40:28"
"519";"2";"1";"0";"Welche Vorlesungen sollten auf Englisch gehalten werden?";"";"2015-03-17 20:40:28"
"520";"2";"0";"0";"Wie viele Zustandsübergänge werden bei der Konstruktion eines EA zur Erkennung der Vereinigung der Sprachen L(A) und L(A') zusätzlich zu den Übergängen von A und A' benötigt?";"";"2015-03-17 20:40:29"
"521";"2";"1";"1";"Wie unterscheidet sich simultanes Multi-Threading von echten Multi-Prozessor-Maschinen?";"siehe Folien 8-32, 8-33";"2015-03-17 20:40:29"
"522";"2";"1";"0";"Wann ist eine Regel u-&gt;v einer kontextsensitiven Grammatik nicht kontextfrei?";"";"2015-03-17 20:40:29"
"523";"3";"0";"0";"Who discovered the electromagnetic field?";"";"2015-03-17 20:40:29"
"524";"3";"1";"0";"Which mobile devices do you own?";"";"2015-03-17 20:40:29"
"525";"3";"1";"0";"Where do we go for lunch today?";"";"2015-03-17 20:40:29"
"526";"3";"1";"0";"Which courses should be taught in English?";"";"2015-03-17 20:40:29"
"527";"3";"0";"0";"What do you think about E-learning?";"";"2015-03-17 20:40:29"
"528";"3";"0";"0";"What do you think about learning repositories?";"";"2015-03-17 20:40:29"
"529";"3";"0";"0";"Should KIT publish courses at itunes/U?";"";"2015-03-17 20:40:29"
"530";"1";"0";"0";"DasHierIstJetztEineSuperLange Nachricht DasHierIstJetztEineSuperLange Nachricht fjasdf DasHierIstJetztEineSuperLange Nachricht fasdlfkajsdflkasdfDasHierIstJetztEineSuperLange Nachricht fjasdf DasHierIstJetztEineSuperLange Nachricht fasdlfkajsdflkasdfDasHierIstJetztEineSuperLange Nachricht fjasdf DasHierIstJetztEineSuperLange Nachricht fasdlfkajsdflkasdfDasHierIstJetztEineSuperLange Nachricht fjasdf DasHierIstJetztEineSuperLange Nachricht fasdlfkajsdflkasdfDasHierIstJetztEineSuperLange Nachricht fjasdf DasHierIstJetztEineSuperLange Nachricht fasdlfkajsdflkasdfDasHierIstJetztEineSuperLange Nachricht fjasdf DasHierIstJetztEineSuperLange Nachricht fasdlfkajsdflkasdfDasHierIstJetztEineSuperLange Nachricht fjasdf DasHierIstJetztEineSuperLange Nachricht fasdlfkajsdflkasdfDasHierIstJetztEineSuperLange Nachricht fjasdf DasHierIstJetztEineSuperLange Nachricht fasdlfkajsdflkasdfDasHierIstJetztEineSuperLange Nachricht fjasdf DasHierIstJetztEineSuperLange Nachricht fasdlfkajsdflkasdfDasHierIstJetztEineSuperLange Nachricht fjasdf DasHierIstJetztEineSuperLange Nachricht fasdlfkajsdflkasdf";"";"2015-03-17 20:40:29"
"531";"1";"0";"0";"DasHierIstJetztEineSuperLange Nachricht DasHierIstJetztEineSuperLange Nachricht fjasdf DasHierIstJetztEineSuperLange Nachricht fasdlfkajsdflkasdfDasHierIstJetztEineSuperLange Nachricht fjasdf DasHierIstJetztEineSuperLange Nachricht ffasdlfkajsdflkasdfDasHierIstJetztEineSuperLange Nachricht fjasdf DasHierIstJetztEineSuperLange Nachricht fasdlfkajsdflkasdfDasHierIstJetztEineSuperLange Nachricht fjasdf DasHierIstJetztEineSuperLange Nachricht fasdlfkajsdflkasdfDasHierIstJetztEineSuperLange Nachricht fjasdf DasHierIstJetztEineSuperLange Nachricht fasdlfkajsdflkasdfDasHierIstJetztEineSuperLange Nachricht fjasdf DasHierIstJetztEineSuperLange Nachricht fasdlfkajsdflkasdfDasHierIstJetztEineSuperLange Nachricht fjasdf DasHierIstJetztEineSuperLange Nachricht fasdlfkajsdflkasdfDasHierIstJetztEineSuperLange Nachricht fjasdf DasHierIstJetztEineSuperLange Nachricht fasdlfkajsdflkasdfDasHierIstJetztEineSuperLange Nachricht fjasdf DasHierIstJetztEineSuperLange Nachricht fasdlfkajsdflkasdfDasHierIstJetztEineSuperLange Nachricht fjasdf DasHierIstJetztEineSuperLange Nachricht fasdlfkajsdflkasdf";"";"2015-03-17 20:40:29"
"532";"1";"0";"0";"DasHierIstJetztEineSuperLange Nachricht DasHierIstJetztEineSuperLange Nachricht fjasdf DasHierIstJetztEineSuperLange Nachricht fasdlfkajsdflkasdfDasHiesdfrIstJetztEineSuperLange Nachricht fjasdf DasHierIstJetztEineSuperLange Nachricht ffasdlfkajsdflkasdfDasHierIstJetztEineSuperLange Nachricht fjasdf DasHierIstJetztEineSuperLange Nachricht fasdlfkajsdflkasdfDasHierIstJetztEineSuperLange Nachricht fjasdf DasHierIstJetztEineSuperLange Nachricht fasdlfkajsdflkasdfDasHierIstJetztEineSuperLange Nachricht fjasdf DasHierIstJetztEineSuperLange Nachricht fasdlfkajsdflkasdfDasHierIstJetztEineSuperLange Nachricht fjasdf DasHierIstJetztEineSuperLange Nachricht fasdlfkajsdflkasdfDasHierIstJetztEineSuperLange Nachricht fjasdf DasHierIstJetztEineSuperLange Nachricht fasdlfkajsdflkasdfDasHierIstJetztEineSuperLange Nachricht fjasdf DasHierIstJetztEineSuperLange Nachricht fasdlfkajsdflkasdfDasHierIstJetztEineSuperLange Nachricht fjasdf DasHierIstJetztEineSuperLange Nachricht fasdlfkajsdflkasdfDasHierIstJetztEineSuperLange Nachricht fjasdf DasHierIstJetztEineSuperLange Nachricht fasdlfkajsdflkasdf";"";"2015-03-17 20:40:29"
"533";"1";"0";"0";"DasHierIstJetztEineSuperLange Nachricht DasHierIstJetztEineSuperLange Nachricht fjasdf DasHierqewfIstJetztEineSuperLange Nachricht fasdlfkajsdflkasdfDasHiesdfrIstJetztEineSuperLange Nachricht fjasdf DasHierIstJetztEineSuperLange Nachricht ffasdlfkajsdflkasdfDasHierIstJetztEineSuperLange Nachricht fjasdf DasHierIstJetztEineSuperLange Nachricht fasdlfkajsdflkasdfDasHierIstJetztEineSuperLange Nachricht fjasdf DasHierIstJetztEineSuperLange Nachricht fasdlfkajsdflkasdfDasHierIstJetztEineSuperLange Nachricht fjasdf DasHierIstJetztEineSuperLange Nachricht fasdlfkajsdflkasdfDasHierIstJetztEineSuperLange Nachricht fjasdf DasHierIstJetztEineSuperLange Nachricht fasdlfkajsdflkasdfDasHierIstJetztEineSuperLange Nachricht fjasdf DasHierIstJetztEineSuperLange Nachricht fasdlfkajsdflkasdfDasHierIstJetztEineSuperLange Nachricht fjasdf DasHierIstJetztEineSuperLange Nachricht fasdlfkajsdflkasdfDasHierIstJetztEineSuperLange Nachricht fjasdf DasHierIstJetztEineSuperLange Nachricht fasdlfkajsdflkasdfDasHierIstJetztEineSuperLange Nachricht fjasdf DasHierIstJetztEineSuperLange Nachricht fasdlfkajsdflkasdf";"";"2015-03-17 20:40:29"
"534";"1";"0";"0";"DasHierIstJetztEineSuperLange Nachricht DasHierIstJetztEineSuperLange Nachricht fjasdf DasHierqewfIstJetztEineSuperLange Nachricht fasdlfkajsdflkasdfDasHiesdfrIstJetztEineSuperLange Nachricht fjasdf DafsadfasdsHierIstJetztEineSuperLange Nachricht ffasdlfkajsdflkasdfDasHierIstJetztEineSuperLange Nachricht fjasdf DasHierIstJetztEineSuperLange Nachricht fasdlfkajsdflkasdfDasHierIstJetztEineSuperLange Nachricht fjasdf DasHierIstJetztEineSuperLange Nachricht fasdlfkajsdflkasdfDasHierIstJetztEineSuperLange Nachricht fjasdf DasHierIstJetztEineSuperLange Nachricht fasdlfkajsdflkasdfDasHierIstJetztEineSuperLange Nachricht fjasdf DasHierIstJetztEineSuperLange Nachricht fasdlfkajsdflkasdfDasHierIstJetztEineSuperLange Nachricht fjasdf DasHierIstJetztEineSuperLange Nachricht fasdlfkajsdflkasdfDasHierIstJetztEineSuperLange Nachricht fjasdf DasHierIstJetztEineSuperLange Nachricht fasdlfkajsdflkasdfDasHierIstJetztEineSuperLange Nachricht fjasdf DasHierIstJetztEineSuperLange Nachricht fasdlfkajsdflkasdfDasHierIstJetztEineSuperLange Nachricht fjasdf DasHierIstJetztEineSuperLange Nachricht fasdlfkajsdflkasdf";"";"2015-03-17 20:40:29"
"535";"1";"0";"0";"DasHierIstJetztEineSuperLange Nachricht DasHierIstJetztEineSuperLange Nachricht fjasdf DasHierqewfIstJetztEineSuperLange Nachricht fasdlfkajsdflkasdfDasHiesdfrIstJetztEineSuperLange Nachricht fjasdf DafsadfaasdfasdsdsHierIsfasdfasdftJetztEineSuperLange Nachricht ffasdlfkajsdflkasdfDasHierIstJetztEineSuperLange Nachricht fjasdf DasHierIstJetztEineSuperLange Nachricht fasdlfkajsdflkasdfDasHierIstJetztEineSuperLange Nachricht fjasdf DasHierIstJetztEineSuperLange Nachricht fasdlfkajsdflkasdfDasHierIstJetztEineSuperLange Nachricht fjasdf DasHierIstJetztEineSuperLange Nachricht fasdlfkajsdflkasdfDasHierIstJetztEineSuperLange Nachricht fjasdf DasHierIstJetztEineSuperLange Nachricht fasdlfkajsdflkasdfDasHierIstJetztEineSuperLange Nachricht fjasdf DasHierIstJetztEineSuperLange Nachricht fasdlfkajsdflkasdfDasHierIstJetztEineSuperLange Nachricht fjasdf DasHierIstJetztEineSuperLange Nachricht fasdlfkajsdflkasdfDasHierIstJetztEineSuperLange Nachricht fjasdf DasHierIstJetztEineSuperLange Nachricht fasdlfkajsdflkasdfDasHierIstJetztEineSuperLange Nachricht fjasdf DasHierIstJetztEineSuperLange Nachricht fasdlfkajsdflkasdf";"";"2015-03-17 20:40:29"
"536";"1";"0";"0";"DasHierIstJetztEineSuperLange Nachricht DasHierIstJetztEineSuperLange Nachricht fjasdf DasHierqewfIstJetztEineSuperLange Nachricht fasdlfkqweajsdflkasdfDasHiesdfrIstJetztEineSuperLange Nachricht fjasdf DafsadfaasdfasdsdsHierIsfasdfasdftJetztEineSuperLange Nachricht ffasdlfkajsdflkasdfDasHierIstJetztEineSuperLange Nachricht fjasdf DasHierIstJetztEineSuperLange Nachricht fasdlfkajsdflkasdfDasHierIstJetztEineSuperLange Nachricht fjasdf DasHierIstJetztEineSuperLange Nachricht fasdlfkajsdflkasdfDasHierIstJetztEineSuperLange Nachricht fjasdf DasHierIstJetztEineSuperLange Nachricht fasdlfkajsdflkasdfDasHierIstJetztEineSuperLange Nachricht fjasdf DasHierIstJetztEineSuperLange Nachricht fasdlfkajsdflkasdfDasHierIstJetztEineSuperLange Nachricht fjasdf DasHierIstJetztEineSuperLange Nachricht fasdlfkajsdflkasdfDasHierIstJetztEineSuperLange Nachricht fjasdf DasHierIstJetztEineSuperLange Nachricht fasdlfkajsdflkasdfDasHierIstJetztEineSuperLange Nachricht fjasdf DasHierIstJetztEineSuperLange Nachricht fasdlfkajsdflkasdfDasHierIstJetztEineSuperLange Nachricht fjasdf DasHierIstJetztEineSuperLange Nachricht fasdlfkajsdflkasdf";"";"2015-03-17 20:40:29"
"537";"1";"0";"0";"DasHierIstJetztEineSuperLange Nachricht DasHierIstJetztEineSuperLange Nachricht fjasdf DasHierqewfIstJetztEineSuperLange Nachricht fasdlfkqweajsdflkasdfDasHiesdfrIsasdfjltJetztEineSuperLange Nachricht fjasdf DafsadfaasdfasdsdsHierIsfasdfasdftJetztEineSuperLange Nachricht ffasdlfkajsdflkasdfDasHierIstJetztEineSuperLange Nachricht fjasdf DasHierIstJetztEineSuperLange Nachricht fasdlfkajsdflkasdfDasHierIstJetztEineSuperLange Nachricht fjasdf DasHierIstJetztEineSuperLange Nachricht fasdlfkajsdflkasdfDasHierIstJetztEineSuperLange Nachricht fjasdf DasHierIstJetztEineSuperLange Nachricht fasdlfkajsdflkasdfDasHierIstJetztEineSuperLange Nachricht fjasdf DasHierIstJetztEineSuperLange Nachricht fasdlfkajsdflkasdfDasHierIstJetztEineSuperLange Nachricht fjasdf DasHierIstJetztEineSuperLange Nachricht fasdlfkajsdflkasdfDasHierIstJetztEineSuperLange Nachricht fjasdf DasHierIstJetztEineSuperLange Nachricht fasdlfkajsdflkasdfDasHierIstJetztEineSuperLange Nachricht fjasdf DasHierIstJetztEineSuperLange Nachricht fasdlfkajsdflkasdfDasHierIstJetztEineSuperLange Nachricht fjasdf DasHierIstJetztEineSuperLange Nachricht fasdlfkajsdflkasdf";"";"2015-03-17 20:40:29"
"538";"1";"0";"0";"DasHierIstJetztEineSuperLange Nachricht DasHierIstJetztEineSuperLange Nachricht fjasdf DasHierqewfIstJetztEineSuperLange Nachricht fasdlfkqweajsdflkasdfDasHiesdfrIsasdfjltJetztEineSuperLange Nachricht fjasdf DafsadfaasdfasdsdsHierIsfasdfasdftJetztEineSuperLange Nachricht asdfjlkjffasdlfkajsdflkasdfDasHierIstJetztEineSuperLange Nachricht fjasdf DasHierIstJetztEineSuperLange Nachricht fasdlfkajsdflkasdfDasHierIstJetztEineSuperLange Nachricht fjasdf DasHierIstJetztEineSuperLange Nachricht fasdlfkajsdflkasdfDasHierIstJetztEineSuperLange Nachricht fjasdf DasHierIstJetztEineSuperLange Nachricht fasdlfkajsdflkasdfDasHierIstJetztEineSuperLange Nachricht fjasdf DasHierIstJetztEineSuperLange Nachricht fasdlfkajsdflkasdfDasHierIstJetztEineSuperLange Nachricht fjasdf DasHierIstJetztEineSuperLange Nachricht fasdlfkajsdflkasdfDasHierIstJetztEineSuperLange Nachricht fjasdf DasHierIstJetztEineSuperLange Nachricht fasdlfkajsdflkasdfDasHierIstJetztEineSuperLange Nachricht fjasdf DasHierIstJetztEineSuperLange Nachricht fasdlfkajsdflkasdfDasHierIstJetztEineSuperLange Nachricht fjasdf DasHierIstJetztEineSuperLange Nachricht fasdlfkajsdflkasdf";"";"2015-03-17 20:40:29"
"539";"9";"1";"0";"Frage 10 - 1 Kann die Reg.gerade neg Steigung haben, wenn der Korrelationskoef eines Datensatzes pos ist?";"";"2015-03-17 20:40:29"
"540";"9";"1";"0";"Frage 4 - Im klassischen linearen Regressionsmodell giltFrage 4 - Im klassischen linearen Regressionsmodell giltFrage 4 - Im klassischen linearen Regressionsmodell giltFrage 4 - Im klassischen linearen Regressionsmodell gilt";"";"2015-03-17 20:40:29"
"541";"10";"0";"0";"Den Stil der Übung finde ich...";"";"2015-03-17 20:40:29"
"542";"10";"0";"0";"nuKIT  finde ich...";"";"2015-03-17 20:40:29"
"543";"10";"0";"0";"Das Tempo der Übung finde ich generell...";"";"2015-03-17 20:40:29"
"544";"10";"0";"0";"Das Tempo der Vorlesung finde ich generell...";"";"2015-03-17 20:40:29"
"545";"16";"1";"0";"a) Jedes lineare Optimierungsproblem";"";"2015-03-17 20:40:29"
"546";"16";"1";"0";"b) Wieviele Gleichungssysteme sind bei 77 Variablen und 9 Ungleichungen zu betrachen?";"";"2015-03-17 20:40:29"
"547";"22";"0";"0";"What is the approxmate distance between earth and moon?";"";"2015-03-17 20:40:29"
"548";"22";"0";"0";"What is the distance between earth and moon? ";"";"2015-03-17 20:40:29"
"549";"22";"1";"0";"Welche Temperatur hat die Sonne?";"";"2015-03-17 20:40:29"
"550";"22";"0";"0";"a";"";"2015-03-17 20:40:29"
"551";"30";"0";"0";"Do you know what a delta function?";"";"2015-03-17 20:40:29"
"552";"31";"1";"0";"Question 3 .......";"This is a comment.";"2015-03-17 20:40:29"
"553";"45";"0";"0";"wie alt bin ich?";"";"2015-03-17 20:40:30"
"554";"2";"1";"1";"Für welche der folgenden Sprachen kann ein endlicher Automat angegeben werden?";"";"2015-03-17 20:44:48"
"555";"20";"1";"1";"Question 8 - Here should be a long text to prove that everything is working fine. I hope there are not going to be so much troube";"";"2015-03-17 20:49:46"
"556";"20";"1";"1";"Question 8 - Here should be a long text to prove that everything is working fine. I hope there are not going to be so much troube";"";"2015-03-17 20:50:20"
"557";"20";"-1";"-1";"Question 8 - Here should be a long text to prove that everything is working fine. I hope there are not going to be so much troube";"WCA";"2015-03-17 20:50:27"
"558";"20";"1";"1";"Question 9  - Here should be a long text to prove that everything is working fine. I hope there are not going to be so much troube";"";"2015-03-17 20:51:24"
"559";"20";"-1";"-1";"Question 9  - Here should be a long text to prove that everything is working fine. I hope there are not going to be so much troube";"WCA";"2015-03-17 20:51:26"
"560";"20";"1";"1";"Question 19  - Here should be a long text to prove that everything is working fine. I hope there are not going to be so much troube";"";"2015-03-17 20:59:56"
"561";"2";"-1";"-1";"Die Chomsky-Grammatiken sind wie folgt definiert:";"NCA";"2015-03-18 09:56:46"
"562";"20";"-1";"-1";"Question 19  - Here should be a long text to prove that everything is working fine. I hope there are not going to be so much troube";"WCA";"2015-03-18 10:22:12"
"563";"20";"-1";"-1";"Question 19  - Here should be a long text to prove that everything is working fine. I hope there are not going to be so much troube";"WCA";"2015-03-19 11:58:10"
"564";"20";"-1";"-1";"Question 2 - Here should be a long text to prove that everything is working fine. I hope there are not going to be so much troube";"WCA";"2015-03-19 12:24:27"
"565";"20";"-1";"-1";"Question 19  - Here should be a long text to prove that everything is working fine. I hope there are not going to be so much troube";"WCA";"2015-03-19 12:26:20"
"566";"7";"-1";"-1";"Halten Sie den Einsatz von e-Learning Werkzeugen wie die nuKIT-Tools oder den interaktiven Aufgabenpool für sinnvoll? ";"NCA";"2015-04-01 09:33:16"
"567";"7";"-1";"-1";"Halten Sie den Einsatz von e-Learning Werkzeugen wie die nuKIT-Tools oder den interaktiven Aufgabenpool für sinnvoll? ";"NCA";"2015-04-01 09:42:31"
"568";"7";"-1";"-1";"Halten Sie den Einsatz von e-Learning Werkzeugen wie die nuKIT-Tools oder den interaktiven Aufgabenpool für sinnvoll? ";"NCA";"2015-04-01 13:29:56"
"569";"20";"-1";"-1";"Question 19  - Here should be a long text to prove that everything is working fine. I hope there are not going to be so much troube";"WCA";"2015-04-02 13:49:39"
"570";"20";"-1";"-1";"Question 3 - Here should be a long text to prove that everything is working fine. I hope there are not going to be so much troube";"NCA";"2015-04-02 15:45:16"
"571";"20";"-1";"-1";"Question 3 - Here should be a long text to prove that everything is working fine. I hope there are not going to be so much troube";"NCA";"2015-04-02 16:03:32"
"572";"47";"2";"0";"Wie gehts?";"";"2015-04-06 23:21:36"
"573";"47";"0";"1";"der Radius ist";"";"2015-04-06 23:25:56"
"574";"7";"0";"0";"Halten Sie den Einsatz von e-Learning Werkzeugen wie die nuKIT-Tools oder den interaktiven Aufgabenpool für sinnvoll? ";"";"2015-04-09 13:47:40"
"575";"7";"0";"0";"2.4.	Wünschen Sie sich in Ihrem Studium einen größeren Einsatz von e-Learning Werkzeugen? ";"";"2015-04-09 13:48:35"
"576";"20";"1";"1";"Question 19  - Here should be a long text to prove that everything is working fine. I hope there are not going to be so much troube";"";"2015-04-09 16:33:23"
"577";"20";"-1";"-1";"Question 19  - Here should be a long text to prove that everything is working fine. I hope there are not going to be so much troube";"WCA";"2015-04-09 16:39:34"
"578";"7";"-1";"-1";"Wenn Sie in der Vorlesung eine Frage haben, wie beurteilen Sie den Einfluss der Anonymität auf die Wahrscheinlichkeit, dass Sie diese Frage stellen? ";"NCA";"2015-04-09 16:40:16"
"579";"20";"1";"1";"Question 20  - Here should be a long text to prove that everything is working fine. I hope there is not going to be so much troube";"";"2015-04-13 11:38:19"
"580";"20";"-1";"-1";"Question 20  - Here should be a long text to prove that everything is working fine. I hope there are not going to be so much troube";"WCA";"2015-04-09 16:42:20"
"581";"20";"1";"1";"Question 19  - Here should be a long text to prove that everything is working fine. I hope there are not going to be so much troube";"";"2015-04-09 16:46:05"
"582";"20";"-1";"-1";"Question 20  - Here should be a long text to prove that everything is working fine. I hope there are not going to be so much troube";"WCA";"2015-04-09 16:47:01"
"583";"20";"1";"1";"Question 19  - Here should be a long text to prove that everything is working fine. I hope there are not going to be so much troube";"";"2015-04-09 16:48:04"
"584";"20";"1";"1";"Question 19  - Here should be a long text to prove that everything is working fine. I hope there are not going to be so much troube";"";"2015-04-09 16:48:38"
"585";"20";"1";"1";"Question 19  - Here should be a long text to prove that everything is working fine. I hope there are not going to be so much troube";"";"2015-04-09 16:51:22"
"586";"20";"1";"1";"Question 19  - Here should be a long text to prove that everything is working fine. I hope there are not going to be so much troube";"";"2015-04-09 16:51:57"
"587";"20";"-1";"-1";"Question 19  - Here should be a long text to prove that everything is working fine. I hope there are not going to be so much troube";"WCA";"2015-04-09 16:52:27"
"588";"7";"-1";"-1";"Halten Sie den Einsatz von e-Learning Werkzeugen wie die nuKIT-Tools oder den interaktiven Aufgabenpool für sinnvoll? ";"NCA";"2015-04-10 09:27:19"
"589";"7";"-1";"-1";"Wenn Sie in der Vorlesung eine Frage haben, wie beurteilen Sie den Einfluss der Anonymität auf die Wahrscheinlichkeit, dass Sie diese Frage stellen? ";"NCA";"2015-04-10 09:31:12"
"590";"7";"-1";"-1";"Auf welchem Betriebssystem basiert Ihr Smartphone?";"NCA";"2015-04-10 09:34:11"
"591";"7";"-1";"-1";"Auf welchem Betriebssystem basiert Ihr Smartphone?";"NCA";"2015-04-10 09:35:38"
"592";"7";"-1";"-1";"Besitzen Sie ein Smartphone?";"NCA";"2015-04-10 09:36:03"
"593";"7";"-1";"-1";"Halten Sie den Einsatz von e-Learning Werkzeugen wie die nuKIT-Tools oder den interaktiven Aufgabenpool für sinnvoll? ";"NCA";"2015-04-10 09:37:22"
"594";"7";"1";"1";"Wofür steht die Abkürzung EA?";"";"2015-04-10 09:43:29"
"595";"7";"-1";"-1";"Wofür steht die Abkürzung EA?";"WCA";"2015-04-10 09:43:41"
"596";"20";"-1";"-1";"Question 19  - Here should be a long text to prove that everything is working fine. I hope there are not going to be so much troube";"WCA";"2015-04-10 18:30:50"
"597";"20";"-1";"-1";"Question 20  - Here should be a long text to prove that everything is working fine. I hope there is not going to be so much troube";"WCA";"2015-04-13 11:38:21"
"598";"20";"-1";"-1";"Question 20  - Here should be a long text to prove that everything is working fine. I hope there is not going to be so much troube";"WCA";"2015-04-13 11:55:07"
"599";"7";"-1";"-1";"Halten Sie den Einsatz von e-Learning Werkzeugen wie die nuKIT-Tools oder den interaktiven Aufgabenpool für sinnvoll? ";"NCA";"2015-04-13 12:56:41"
"600";"7";"-1";"-1";"Wofür steht die Abkürzung EA?";"WCA";"2015-04-13 13:00:09"
"601";"7";"-1";"-1";"Wenn Sie in der Vorlesung eine Frage haben, wie beurteilen Sie den Einfluss der Anonymität auf die Wahrscheinlichkeit, dass Sie diese Frage stellen? ";"NCA";"2015-04-13 13:02:08"
"602";"47";"1";"1";"Wir betrachten zwei Komplexe Zahlen a,s die ungleich sind.
Der Limes lim_{b -> oo} exp((a-s)b) existiert, wenn";"";"2015-04-19 23:35:21"
"603";"47";"2";"0";"Bitte schreiben Sie Fragen und kommentare während der Vorlesung hier";"";"2015-04-27 19:50:11"
"604";"2";"-1";"-1";"Ein endlicher Automat ohne Ausgabe wird über folgende Elemente definiert:";"WCA";"2015-05-12 11:50:58"
"605";"47";"0";"0";"Sei f: R^2 -> R eine Funktion (f=f(x,y)). Wir nehmen an, dass die partielle Ableitungen von f in (0,0) existieren. Folgt, daraus, dass f differentzierbar in Null ist";"";"2015-05-28 07:16:02"
"606";"47";"0";"0";"Sei f: R^2 ->R  (f=f(x,y)), Angenommen, dass die partielle Ableitungen von f in (0,0) existieren, folgt daraus, dass f differenzierbar in (0,0) ist? ";"";"2015-05-28 07:53:06"
"607";"47";"-1";"-1";"Sei f: R^2 ->R  (f=f(x,y)), Angenommen, dass die partielle Ableitungen von f in (0,0) existieren, folgt daraus, dass f differenzierbar in (0,0) ist? ";"NCA";"2015-05-28 07:53:14"
"608";"47";"0";"0";"Sei (x_0,y_0) in R^2 mit z_0=x_0+iy_0 \in G. Welche von der folgenden Aussagen ist richtig?

Wir betrachten die Aussagen

A: F ist differenzierbar in z_0 und

B: g ist differenzierbar in (x_0,y_0)

Welche von den folgenden Aussagen ist richtig";"";"2015-05-31 21:51:38"
"609";"47";"0";"0";"Hallo";"";"2015-05-31 21:54:12"
"610";"47";"0";"0";"Wählen Sie die richtige Antwort (die Frage wird auf dem Projektor sein)";"";"2015-06-01 09:44:12"
"611";"47";"-1";"-1";"Wählen Sie die richtige Antwort (die Frage wird auf dem Projektor sein)";"NCA";"2015-06-01 09:44:18"
"612";"47";"0";"0";"In der Matlab Skizze sehen Sie den Graphen von z=f(x,y) und 4 Vektoren die von (x_0,y_0) anfangen. Welcher Vektor ist grad f(x_0,y_0)";"";"2015-06-02 15:39:32"
"613";"47";"-1";"-1";"In der Matlab Skizze sehen Sie den Graphen von z=f(x,y) und 4 Vektoren die von (x_0,y_0) anfangen. Welcher Vektor ist grad f(x_0,y_0)";"NCA";"2015-06-02 16:25:55"
"614";"47";"0";"0";"Welches von den drei Bildern ist Teil des Graphen der Funktion f(x,y)=y^2-x^2.";"";"2015-06-07 09:02:58"
"615";"47";"0";"0";"Hallo";"";"2015-06-07 09:07:47"
"616";"7";"1";"1";"Ich bin eine Testfrage. bin ich gleich noch da???";"";"2015-06-08 10:47:33"
"617";"50";"-1";"-1";"Capitale d'Allemagne";"WCA";"2015-06-11 16:47:53"
"618";"50";"0";"1";"Capitale d'Allemagne";"";"2015-06-11 16:48:17"
"619";"50";"-1";"-1";"Capitale d'Allemagne";"WCA";"2015-06-11 16:48:20"
"620";"50";"0";"1";"Capitale d'Espagne";"";"2015-06-11 16:51:58"
"621";"50";"-1";"-1";"Capitale d'Espagne";"WCA";"2015-06-11 16:52:01"
"622";"50";"0";"1";"Capitale de France";"";"2015-06-11 16:53:51"
"623";"50";"-1";"-1";"Capitale de France";"WCA";"2015-06-11 16:53:53"
"624";"47";"0";"0";"Wir betrachten die gleiche Kurve h=0 (siehe Skizze). Dann
grad h(x_0)=";"";"2015-06-16 15:22:33"
"625";"47";"0";"0";"Wir brtrachten die Funktionen f(x,y)=xy  und h(x,y)=x^2/2+2y^2-1. Letztes Mal haben wir gezeigt, dass Max f=1/2 auf h=0. Auf welche Kurve der Skizze wird xy=1/2 erfüllt";"";"2015-06-16 15:25:44"
"626";"47";"-1";"-1";"Wir brtrachten die Funktionen f(x,y)=xy  und h(x,y)=x^2/2+2y^2-1. Letztes Mal haben wir gezeigt, dass Max f=1/2 auf h=0. Auf welche Kurve der Skizze wird xy=1/2 erfüllt";"NCA";"2015-06-16 15:26:25"
"627";"47";"1";"0";"Wählen Sie zwischen 1-4 für die erste Frage und ywischen 5-8 für die zweite.";"";"2015-06-28 13:22:50"
"628";"47";"-1";"-1";"Wählen Sie zwischen 1-4 für die erste Frage und ywischen 5-8 für die zweite.";"NCA";"2015-06-28 13:23:01"
"629";"47";"-1";"-1";"Wählen Sie zwischen 1-4 für die erste Frage und zwischen 5-8 für die zweite.";"NCA";"2015-06-29 10:31:21"
"630";"51";"0";"0";"In welchem Fachsemester sind Sie?";"";"2015-10-16 15:00:28"
"631";"7";"-1";"-1";"Auf welchem Betriebssystem basiert Ihr Smartphone?";"NCA";"2015-10-20 11:21:43"
"632";"2";"-1";"-1";"Welche Art von mobilen Geräten besitzen Sie?";"NCA";"2015-10-20 11:22:55"
"633";"2";"-1";"-1";"Bei der Konstruktion eines deterministischen Automaten, der äquivalent zu einem nichtdeterministischen Automaten ist, wächst die Zustandsmenge im schlechtesten Fall";"NCA";"2015-10-20 11:23:28"
"634";"2";"-1";"-1";"Welche Art von mobilen Geräten besitzen Sie?";"NCA";"2015-10-21 07:57:50"
"635";"2";"-1";"-1";"Welche Eigenschaften interessieren uns bei formalen Sprachen?";"NCA";"2015-10-21 08:58:00"
"636";"2";"-1";"-1";"Welche der folgenden Aussagen treffen auf die Chomsky-Hierarchie zu?";"NCA";"2015-10-26 12:23:52"
"637";"2";"-1";"-1";"Welche der folgenden Symbole werden verwendet, um allgemein eine Grammatik zu definieren?";"NCA";"2015-10-28 08:49:50"
"638";"47";"1";"0";"Der wert desIntegrals ist ";"";"2015-10-30 16:13:57"
"639";"47";"-1";"-1";"Der wert desIntegrals ist ";"NCA";"2015-10-30 16:14:03"
"640";"2";"-1";"-1";"Welche der folgenden Aussagen bezüglich endlicher Automaten sind richtig?";"WCA";"2015-11-02 12:24:34"
"641";"2";"-1";"-1";"Welche der folgenden Aussagen treffen auf reguläre Ausdrücke zu?";"NCA";"2015-11-04 08:58:19"
"642";"2";"-1";"-1";"Die Zustandsübergänge eines Kellerautomaten sind abhängig von...";"NCA";"2015-11-09 12:27:00"
"643";"20";"1";"1";"Question 21  - Here should be a long text to prove that everything is working fine. I hope there is not going to be so much troube";"";"2015-11-19 19:48:42"
"644";"20";"1";"0";"Question 21  - Here should be a long text to prove that everything is working fine. I hope there is not going to be so much troube. NCA this time";"";"2015-11-19 19:50:27"
"645";"2";"-1";"-1";"Ein LBA...";"NCA";"2015-11-25 08:57:27"
